2026-08-16 14:13:59,898 - twister - INFO - Using Ninja..
2026-08-16 14:13:59,913 - twister - WARNING - Could not determine version
2026-08-16 14:13:59,924 - twister - DEBUG - Running cmake script /workspace/scratch/5c70f00d8d01/preview-ws/zephyr/cmake/verify-toolchain.cmake
2026-08-16 14:13:59,924 - twister - DEBUG - Calling cmake: /workspace/scratch/5c70f00d8d01/zephyr-venv/lib/python3.12/site-packages/bin/cmake -DFORMAT=json -P /workspace/scratch/5c70f00d8d01/preview-ws/zephyr/cmake/verify-toolchain.cmake
2026-08-16 14:14:00,955 - twister - DEBUG - Finished running /workspace/scratch/5c70f00d8d01/preview-ws/zephyr/cmake/verify-toolchain.cmake
2026-08-16 14:14:00,955 - twister - INFO - Using 'zephyr/gnu' toolchain variant.
2026-08-16 14:14:01,941 - twister - DEBUG - Reading testsuite configuration files under /workspace/scratch/5c70f00d8d01/preview-ws/zephyr/tests/kernel/fifo...
2026-08-16 14:14:01,941 - twister - DEBUG - Found possible testsuite in /workspace/scratch/5c70f00d8d01/preview-ws/zephyr/tests/kernel/fifo/fifo_timeout
2026-08-16 14:14:01,944 - twister - DEBUG - Found possible testsuite in /workspace/scratch/5c70f00d8d01/preview-ws/zephyr/tests/kernel/fifo/fifo_api
2026-08-16 14:14:01,946 - twister - DEBUG - Found possible testsuite in /workspace/scratch/5c70f00d8d01/preview-ws/zephyr/tests/kernel/fifo/fifo_usage
2026-08-16 14:14:01,948 - twister - DEBUG - Reading testsuite configuration files under /workspace/scratch/5c70f00d8d01/preview-ws/zephyr/tests/kernel/lifo...
2026-08-16 14:14:01,948 - twister - DEBUG - Found possible testsuite in /workspace/scratch/5c70f00d8d01/preview-ws/zephyr/tests/kernel/lifo/lifo_usage
2026-08-16 14:14:01,949 - twister - DEBUG - Found possible testsuite in /workspace/scratch/5c70f00d8d01/preview-ws/zephyr/tests/kernel/lifo/lifo_api
2026-08-16 14:14:01,950 - twister - DEBUG - Reading testsuite configuration files under /workspace/scratch/5c70f00d8d01/preview-ws/zephyr/tests/kernel/queue...
2026-08-16 14:14:01,950 - twister - DEBUG - Found possible testsuite in /workspace/scratch/5c70f00d8d01/preview-ws/zephyr/tests/kernel/queue
2026-08-16 14:14:01,954 - twister - DEBUG - No duplicates found.
2026-08-16 14:14:01,954 - twister - DEBUG -  platform filter: ['qemu_m68k/qemu_virt_m68k_m68000', 'qemu_m68k/qemu_virt_m68k_m68010']
2026-08-16 14:14:01,954 - twister - DEBUG - platform_pattern: []
2026-08-16 14:14:01,954 - twister - DEBUG -    vendor filter: []
2026-08-16 14:14:01,954 - twister - DEBUG -      arch_filter: None
2026-08-16 14:14:01,954 - twister - DEBUG -       tag_filter: None
2026-08-16 14:14:01,954 - twister - DEBUG -      exclude_tag: None
2026-08-16 14:14:01,954 - twister - DEBUG - Checking platform filter: ['qemu_m68k/qemu_virt_m68k_m68000', 'qemu_m68k/qemu_virt_m68k_m68010']
2026-08-16 14:14:01,955 - twister - INFO - Building initial testsuite list...
2026-08-16 14:14:01,958 - twister - INFO - Built testsuite list in 0.00 seconds
2026-08-16 14:14:01,958 - twister - INFO - Writing JSON report /workspace/scratch/1b6e38f66c85/kqueue-ab-final/patched/testplan.json
2026-08-16 14:14:01,970 - twister - INFO - JOBS: 4
2026-08-16 14:14:01,971 - twister - INFO - Adding tasks to the queue...
2026-08-16 14:14:01,971 - twister - DEBUG - adding qemu_m68k/qemu_virt_m68k_m68000/zephyr/gnu/kernel.fifo.timeout
2026-08-16 14:14:01,971 - twister - DEBUG - adding qemu_m68k/qemu_virt_m68k_m68010/zephyr/gnu/kernel.fifo.timeout
2026-08-16 14:14:01,971 - twister - DEBUG - adding qemu_m68k/qemu_virt_m68k_m68000/zephyr/gnu/kernel.fifo
2026-08-16 14:14:01,971 - twister - DEBUG - adding qemu_m68k/qemu_virt_m68k_m68010/zephyr/gnu/kernel.fifo
2026-08-16 14:14:01,971 - twister - DEBUG - adding qemu_m68k/qemu_virt_m68k_m68000/zephyr/gnu/kernel.fifo.usage
2026-08-16 14:14:01,971 - twister - DEBUG - adding qemu_m68k/qemu_virt_m68k_m68010/zephyr/gnu/kernel.fifo.usage
2026-08-16 14:14:01,971 - twister - DEBUG - adding qemu_m68k/qemu_virt_m68k_m68000/zephyr/gnu/kernel.lifo.usage
2026-08-16 14:14:01,971 - twister - DEBUG - adding qemu_m68k/qemu_virt_m68k_m68010/zephyr/gnu/kernel.lifo.usage
2026-08-16 14:14:01,971 - twister - DEBUG - adding qemu_m68k/qemu_virt_m68k_m68000/zephyr/gnu/kernel.lifo
2026-08-16 14:14:01,971 - twister - DEBUG - adding qemu_m68k/qemu_virt_m68k_m68010/zephyr/gnu/kernel.lifo
2026-08-16 14:14:01,971 - twister - DEBUG - adding qemu_m68k/qemu_virt_m68k_m68000/zephyr/gnu/kernel.queue
2026-08-16 14:14:01,971 - twister - DEBUG - adding qemu_m68k/qemu_virt_m68k_m68010/zephyr/gnu/kernel.queue
2026-08-16 14:14:01,971 - twister - DEBUG - adding qemu_m68k/qemu_virt_m68k_m68000/zephyr/gnu/kernel.queue.minimallibc
2026-08-16 14:14:01,971 - twister - DEBUG - adding qemu_m68k/qemu_virt_m68k_m68010/zephyr/gnu/kernel.queue.minimallibc
2026-08-16 14:14:01,971 - twister - INFO - Added initial list of jobs to queue
2026-08-16 14:14:01,974 - twister - DEBUG - Running cmake on /workspace/scratch/5c70f00d8d01/preview-ws/zephyr/tests/kernel/queue for qemu_m68k/qemu_virt_m68k_m68010
2026-08-16 14:14:01,974 - twister - DEBUG - Running cmake on /workspace/scratch/5c70f00d8d01/preview-ws/zephyr/tests/kernel/queue for qemu_m68k/qemu_virt_m68k_m68000
2026-08-16 14:14:01,975 - twister - DEBUG - Calling cmake: /workspace/scratch/5c70f00d8d01/zephyr-venv/lib/python3.12/site-packages/bin/cmake -B/workspace/scratch/1b6e38f66c85/kqueue-ab-final/patched/qemu_m68k_qemu_virt_m68k_m68010/zephyr_gnu/tests/kernel/queue/kernel.queue.minimallibc -DTC_RUNID=cfb4457554573f616ba790471d60ebb2 -DTC_NAME=kernel.queue.minimallibc -DCONFIG_COMPILER_WARNINGS_AS_ERRORS=y -DEXTRA_GEN_EDT_ARGS=--edtlib-Werror -GNinja -DPython3_EXECUTABLE=/workspace/scratch/5c70f00d8d01/zephyr-venv/bin/python -DZEPHYR_TOOLCHAIN_VARIANT=zephyr/gnu -S/workspace/scratch/5c70f00d8d01/preview-ws/zephyr/tests/kernel/queue -DQEMU_PIPE=/workspace/scratch/1b6e38f66c85/kqueue-ab-final/patched/qemu_m68k_qemu_virt_m68k_m68010/zephyr_gnu/tests/kernel/queue/kernel.queue.minimallibc/qemu-fifo -DOVERLAY_CONFIG=/workspace/scratch/1b6e38f66c85/kqueue-ab-final/patched/qemu_m68k_qemu_virt_m68k_m68010/zephyr_gnu/tests/kernel/queue/kernel.queue.minimallibc/twister/testsuite_extra.conf -DBOARD=qemu_m68k/qemu_virt_m68k_m68010 -DMODULES=kconfig -P/workspace/scratch/5c70f00d8d01/preview-ws/zephyr/cmake/package_helper.cmake
2026-08-16 14:14:01,975 - twister - DEBUG - Calling cmake: /workspace/scratch/5c70f00d8d01/zephyr-venv/lib/python3.12/site-packages/bin/cmake -B/workspace/scratch/1b6e38f66c85/kqueue-ab-final/patched/qemu_m68k_qemu_virt_m68k_m68000/zephyr_gnu/tests/kernel/queue/kernel.queue.minimallibc -DTC_RUNID=abed5184c9fbe653c3f22e0e17af8c26 -DTC_NAME=kernel.queue.minimallibc -DCONFIG_COMPILER_WARNINGS_AS_ERRORS=y -DEXTRA_GEN_EDT_ARGS=--edtlib-Werror -GNinja -DPython3_EXECUTABLE=/workspace/scratch/5c70f00d8d01/zephyr-venv/bin/python -DZEPHYR_TOOLCHAIN_VARIANT=zephyr/gnu -S/workspace/scratch/5c70f00d8d01/preview-ws/zephyr/tests/kernel/queue -DQEMU_PIPE=/workspace/scratch/1b6e38f66c85/kqueue-ab-final/patched/qemu_m68k_qemu_virt_m68k_m68000/zephyr_gnu/tests/kernel/queue/kernel.queue.minimallibc/qemu-fifo -DOVERLAY_CONFIG=/workspace/scratch/1b6e38f66c85/kqueue-ab-final/patched/qemu_m68k_qemu_virt_m68k_m68000/zephyr_gnu/tests/kernel/queue/kernel.queue.minimallibc/twister/testsuite_extra.conf -DBOARD=qemu_m68k/qemu_virt_m68k_m68000 -DMODULES=kconfig -P/workspace/scratch/5c70f00d8d01/preview-ws/zephyr/cmake/package_helper.cmake
2026-08-16 14:14:01,975 - twister - DEBUG - Running cmake on /workspace/scratch/5c70f00d8d01/preview-ws/zephyr/tests/kernel/queue for qemu_m68k/qemu_virt_m68k_m68010
2026-08-16 14:14:01,976 - twister - DEBUG - Launched 4 jobs
2026-08-16 14:14:01,976 - twister - DEBUG - Running cmake on /workspace/scratch/5c70f00d8d01/preview-ws/zephyr/tests/kernel/queue for qemu_m68k/qemu_virt_m68k_m68000
2026-08-16 14:14:01,978 - twister - DEBUG - Calling cmake: /workspace/scratch/5c70f00d8d01/zephyr-venv/lib/python3.12/site-packages/bin/cmake -B/workspace/scratch/1b6e38f66c85/kqueue-ab-final/patched/qemu_m68k_qemu_virt_m68k_m68010/zephyr_gnu/tests/kernel/queue/kernel.queue -DTC_RUNID=68631ed6dfeb25f7b5fda7460bc2cb77 -DTC_NAME=kernel.queue -DCONFIG_COMPILER_WARNINGS_AS_ERRORS=y -DEXTRA_GEN_EDT_ARGS=--edtlib-Werror -GNinja -DPython3_EXECUTABLE=/workspace/scratch/5c70f00d8d01/zephyr-venv/bin/python -DZEPHYR_TOOLCHAIN_VARIANT=zephyr/gnu -S/workspace/scratch/5c70f00d8d01/preview-ws/zephyr/tests/kernel/queue -DQEMU_PIPE=/workspace/scratch/1b6e38f66c85/kqueue-ab-final/patched/qemu_m68k_qemu_virt_m68k_m68010/zephyr_gnu/tests/kernel/queue/kernel.queue/qemu-fifo -DBOARD=qemu_m68k/qemu_virt_m68k_m68010
2026-08-16 14:14:01,978 - twister - DEBUG - Calling cmake: /workspace/scratch/5c70f00d8d01/zephyr-venv/lib/python3.12/site-packages/bin/cmake -B/workspace/scratch/1b6e38f66c85/kqueue-ab-final/patched/qemu_m68k_qemu_virt_m68k_m68000/zephyr_gnu/tests/kernel/queue/kernel.queue -DTC_RUNID=1ea6d7ced7947e7bc96caa0d46e08771 -DTC_NAME=kernel.queue -DCONFIG_COMPILER_WARNINGS_AS_ERRORS=y -DEXTRA_GEN_EDT_ARGS=--edtlib-Werror -GNinja -DPython3_EXECUTABLE=/workspace/scratch/5c70f00d8d01/zephyr-venv/bin/python -DZEPHYR_TOOLCHAIN_VARIANT=zephyr/gnu -S/workspace/scratch/5c70f00d8d01/preview-ws/zephyr/tests/kernel/queue -DQEMU_PIPE=/workspace/scratch/1b6e38f66c85/kqueue-ab-final/patched/qemu_m68k_qemu_virt_m68k_m68000/zephyr_gnu/tests/kernel/queue/kernel.queue/qemu-fifo -DBOARD=qemu_m68k/qemu_virt_m68k_m68000
2026-08-16 14:14:11,643 - twister - DEBUG - Finished running cmake /workspace/scratch/5c70f00d8d01/preview-ws/zephyr/tests/kernel/queue for qemu_m68k/qemu_virt_m68k_m68010 in 9.65 seconds
2026-08-16 14:14:11,650 - twister - DEBUG - Running cmake on /workspace/scratch/5c70f00d8d01/preview-ws/zephyr/tests/kernel/queue for qemu_m68k/qemu_virt_m68k_m68010
2026-08-16 14:14:11,650 - twister - DEBUG - Calling cmake: /workspace/scratch/5c70f00d8d01/zephyr-venv/lib/python3.12/site-packages/bin/cmake -B/workspace/scratch/1b6e38f66c85/kqueue-ab-final/patched/qemu_m68k_qemu_virt_m68k_m68010/zephyr_gnu/tests/kernel/queue/kernel.queue.minimallibc -DTC_RUNID=cfb4457554573f616ba790471d60ebb2 -DTC_NAME=kernel.queue.minimallibc -DCONFIG_COMPILER_WARNINGS_AS_ERRORS=y -DEXTRA_GEN_EDT_ARGS=--edtlib-Werror -GNinja -DPython3_EXECUTABLE=/workspace/scratch/5c70f00d8d01/zephyr-venv/bin/python -DZEPHYR_TOOLCHAIN_VARIANT=zephyr/gnu -S/workspace/scratch/5c70f00d8d01/preview-ws/zephyr/tests/kernel/queue -DQEMU_PIPE=/workspace/scratch/1b6e38f66c85/kqueue-ab-final/patched/qemu_m68k_qemu_virt_m68k_m68010/zephyr_gnu/tests/kernel/queue/kernel.queue.minimallibc/qemu-fifo -DOVERLAY_CONFIG=/workspace/scratch/1b6e38f66c85/kqueue-ab-final/patched/qemu_m68k_qemu_virt_m68k_m68010/zephyr_gnu/tests/kernel/queue/kernel.queue.minimallibc/twister/testsuite_extra.conf -DBOARD=qemu_m68k/qemu_virt_m68k_m68010
2026-08-16 14:14:12,013 - twister - DEBUG - Finished running cmake /workspace/scratch/5c70f00d8d01/preview-ws/zephyr/tests/kernel/queue for qemu_m68k/qemu_virt_m68k_m68000 in 10.02 seconds
2026-08-16 14:14:12,013 - twister - DEBUG - Running cmake on /workspace/scratch/5c70f00d8d01/preview-ws/zephyr/tests/kernel/queue for qemu_m68k/qemu_virt_m68k_m68000
2026-08-16 14:14:12,013 - twister - DEBUG - Calling cmake: /workspace/scratch/5c70f00d8d01/zephyr-venv/lib/python3.12/site-packages/bin/cmake -B/workspace/scratch/1b6e38f66c85/kqueue-ab-final/patched/qemu_m68k_qemu_virt_m68k_m68000/zephyr_gnu/tests/kernel/queue/kernel.queue.minimallibc -DTC_RUNID=abed5184c9fbe653c3f22e0e17af8c26 -DTC_NAME=kernel.queue.minimallibc -DCONFIG_COMPILER_WARNINGS_AS_ERRORS=y -DEXTRA_GEN_EDT_ARGS=--edtlib-Werror -GNinja -DPython3_EXECUTABLE=/workspace/scratch/5c70f00d8d01/zephyr-venv/bin/python -DZEPHYR_TOOLCHAIN_VARIANT=zephyr/gnu -S/workspace/scratch/5c70f00d8d01/preview-ws/zephyr/tests/kernel/queue -DQEMU_PIPE=/workspace/scratch/1b6e38f66c85/kqueue-ab-final/patched/qemu_m68k_qemu_virt_m68k_m68000/zephyr_gnu/tests/kernel/queue/kernel.queue.minimallibc/qemu-fifo -DOVERLAY_CONFIG=/workspace/scratch/1b6e38f66c85/kqueue-ab-final/patched/qemu_m68k_qemu_virt_m68k_m68000/zephyr_gnu/tests/kernel/queue/kernel.queue.minimallibc/twister/testsuite_extra.conf -DBOARD=qemu_m68k/qemu_virt_m68k_m68000
2026-08-16 14:14:15,234 - twister - DEBUG - Finished running cmake /workspace/scratch/5c70f00d8d01/preview-ws/zephyr/tests/kernel/queue for qemu_m68k/qemu_virt_m68k_m68000 in 13.24 seconds
2026-08-16 14:14:15,235 - twister - DEBUG - build test: qemu_m68k/qemu_virt_m68k_m68000/zephyr/gnu/kernel.queue
2026-08-16 14:14:15,235 - twister - DEBUG - Building /workspace/scratch/5c70f00d8d01/preview-ws/zephyr/tests/kernel/queue for qemu_m68k/qemu_virt_m68k_m68000
2026-08-16 14:14:15,238 - twister - DEBUG - Running /workspace/scratch/5c70f00d8d01/zephyr-venv/lib/python3.12/site-packages/bin/cmake --build /workspace/scratch/1b6e38f66c85/kqueue-ab-final/patched/qemu_m68k_qemu_virt_m68k_m68000/zephyr_gnu/tests/kernel/queue/kernel.queue
2026-08-16 14:14:15,338 - twister - DEBUG - Finished running cmake /workspace/scratch/5c70f00d8d01/preview-ws/zephyr/tests/kernel/queue for qemu_m68k/qemu_virt_m68k_m68010 in 13.35 seconds
2026-08-16 14:14:15,339 - twister - DEBUG - build test: qemu_m68k/qemu_virt_m68k_m68010/zephyr/gnu/kernel.queue
2026-08-16 14:14:15,339 - twister - DEBUG - Building /workspace/scratch/5c70f00d8d01/preview-ws/zephyr/tests/kernel/queue for qemu_m68k/qemu_virt_m68k_m68010
2026-08-16 14:14:15,340 - twister - DEBUG - Running /workspace/scratch/5c70f00d8d01/zephyr-venv/lib/python3.12/site-packages/bin/cmake --build /workspace/scratch/1b6e38f66c85/kqueue-ab-final/patched/qemu_m68k_qemu_virt_m68k_m68010/zephyr_gnu/tests/kernel/queue/kernel.queue
2026-08-16 14:14:26,679 - twister - DEBUG - Finished running cmake /workspace/scratch/5c70f00d8d01/preview-ws/zephyr/tests/kernel/queue for qemu_m68k/qemu_virt_m68k_m68010 in 15.00 seconds
2026-08-16 14:14:26,679 - twister - DEBUG - build test: qemu_m68k/qemu_virt_m68k_m68010/zephyr/gnu/kernel.queue.minimallibc
2026-08-16 14:14:26,679 - twister - DEBUG - Building /workspace/scratch/5c70f00d8d01/preview-ws/zephyr/tests/kernel/queue for qemu_m68k/qemu_virt_m68k_m68010
2026-08-16 14:14:26,684 - twister - DEBUG - Running /workspace/scratch/5c70f00d8d01/zephyr-venv/lib/python3.12/site-packages/bin/cmake --build /workspace/scratch/1b6e38f66c85/kqueue-ab-final/patched/qemu_m68k_qemu_virt_m68k_m68010/zephyr_gnu/tests/kernel/queue/kernel.queue.minimallibc
2026-08-16 14:14:27,526 - twister - DEBUG - Finished running cmake /workspace/scratch/5c70f00d8d01/preview-ws/zephyr/tests/kernel/queue for qemu_m68k/qemu_virt_m68k_m68000 in 15.49 seconds
2026-08-16 14:14:27,527 - twister - DEBUG - build test: qemu_m68k/qemu_virt_m68k_m68000/zephyr/gnu/kernel.queue.minimallibc
2026-08-16 14:14:27,527 - twister - DEBUG - Building /workspace/scratch/5c70f00d8d01/preview-ws/zephyr/tests/kernel/queue for qemu_m68k/qemu_virt_m68k_m68000
2026-08-16 14:14:27,532 - twister - DEBUG - Running /workspace/scratch/5c70f00d8d01/zephyr-venv/lib/python3.12/site-packages/bin/cmake --build /workspace/scratch/1b6e38f66c85/kqueue-ab-final/patched/qemu_m68k_qemu_virt_m68k_m68000/zephyr_gnu/tests/kernel/queue/kernel.queue.minimallibc
2026-08-16 14:15:37,511 - twister - DEBUG - Finished building /workspace/scratch/5c70f00d8d01/preview-ws/zephyr/tests/kernel/queue for qemu_m68k/qemu_virt_m68k_m68000 in 82.27 seconds
2026-08-16 14:15:37,515 - twister - DEBUG - Determine test cases for test instance: qemu_m68k/qemu_virt_m68k_m68000/zephyr/gnu/kernel.queue
2026-08-16 14:15:37,515 - twister - DEBUG - Determine test cases for test suite: kernel.queue
2026-08-16 14:15:37,559 - twister - DEBUG - Test instance qemu_m68k/qemu_virt_m68k_m68000/zephyr/gnu/kernel.queue already has 33 testcase(s) known: [<TestCase kernel.queue.queue_api_1cpu.queue_loop with None>, <TestCase kernel.queue.queue_api_1cpu.queue_supv_to_user with None>, <TestCase kernel.queue.queue_api_1cpu.queue_thread2thread with None>, <TestCase kernel.queue.queue_api.queue_isr2thread with None>, <TestCase kernel.queue.queue_api_1cpu.queue_multithread_competition with None>, <TestCase kernel.queue.queue_api.queue_thread2isr with None>, <TestCase kernel.queue.queue_api.queue_is_empty_null with None>, <TestCase kernel.queue.queue_api.queue_peek_head_null with None>, <TestCase kernel.queue.queue_api.queue_insert_after with None>, <TestCase kernel.queue.queue_api.queue_init with None>, <TestCase kernel.queue.queue_api.queue_alloc_append_null with None>, <TestCase kernel.queue.queue_api.queue_append_list_error with None>, <TestCase kernel.queue.queue_api.queue_prepend_order with None>, <TestCase kernel.queue.queue_api.queue_merge_list_error with None>, <TestCase kernel.queue.queue_api.queue_alloc with None>, <TestCase kernel.queue.queue_api.queue_define with None>, <TestCase kernel.queue.queue_api_1cpu.queue_poll_race with None>, <TestCase kernel.queue.queue_api_1cpu.queue_get_fail with None>, <TestCase kernel.queue.queue_api.queue_peek_tail_null with None>, <TestCase kernel.queue.queue_api.queue_alloc_prepend_user with None>, <TestCase kernel.queue.queue_api.multiple_queues with None>, <TestCase kernel.queue.queue_api.access_kernel_obj_with_priv_data with None>, <TestCase kernel.queue.queue_api.queue_cancel_wait_error with None>, <TestCase kernel.queue.queue_api.queue_alloc_append_user with None>, <TestCase kernel.queue.queue_api_1cpu.queue_get_2threads with None>, <TestCase kernel.queue.queue_api.queue_alloc_prepend_null with None>, <TestCase kernel.queue.queue_api.queue_merge_slist_order with None>, <TestCase kernel.queue.queue_api.queue_get_null with None>, <TestCase kernel.queue.queue_api.auto_free with None>, <TestCase kernel.queue.queue_api_1cpu.queue_merge_slist_wake with None>, <TestCase kernel.queue.queue_api.queue_append_list_order with None>, <TestCase kernel.queue.queue_api.queue_unique_append with None>, <TestCase kernel.queue.queue_api.queue_init_null with None>]
2026-08-16 14:15:37,560 - twister - DEBUG - Detected 21 Ztest case(s): [kernel.queue.queue_api.queue_unique_append, kernel.queue.queue_api_1cpu.queue_multithread_competition, kernel.queue.queue_api.access_kernel_obj_with_priv_data, kernel.queue.queue_api.multiple_queues, kernel.queue.queue_api_1cpu.queue_poll_race, kernel.queue.queue_api.queue_alloc, kernel.queue.queue_api_1cpu.queue_get_2threads, kernel.queue.queue_api.queue_isr2thread, kernel.queue.queue_api.queue_thread2isr, kernel.queue.queue_api_1cpu.queue_merge_slist_wake, kernel.queue.queue_api.queue_merge_slist_order, kernel.queue.queue_api.queue_append_list_order, kernel.queue.queue_api.queue_insert_after, kernel.queue.queue_api.queue_prepend_order, kernel.queue.queue_api.queue_init, kernel.queue.queue_api.queue_define, kernel.queue.queue_api_1cpu.queue_thread2thread, kernel.queue.queue_api.queue_merge_list_error, kernel.queue.queue_api.queue_append_list_error, kernel.queue.queue_api_1cpu.queue_get_fail, kernel.queue.queue_api_1cpu.queue_loop] in /workspace/scratch/1b6e38f66c85/kqueue-ab-final/patched/qemu_m68k_qemu_virt_m68k_m68000/zephyr_gnu/tests/kernel/queue/kernel.queue/zephyr/zephyr.elf
2026-08-16 14:15:37,562 - twister - DEBUG - run test: qemu_m68k/qemu_virt_m68k_m68000/zephyr/gnu/kernel.queue
2026-08-16 14:15:37,562 - twister - DEBUG - Reset instance status from 'passed' to None before run.
2026-08-16 14:15:37,563 - twister - DEBUG - Spawning QEMUHandler Thread for qemu_m68k/qemu_virt_m68k_m68000/zephyr/gnu/kernel.queue
2026-08-16 14:15:37,564 - twister - DEBUG - Running qemu_m68k/qemu_virt_m68k_m68000/zephyr/gnu/kernel.queue (qemu)
2026-08-16 14:15:37,568 - twister - DEBUG - Spawning QEMUHandler Thread for qemu_m68k/qemu_virt_m68k_m68000/zephyr/gnu/kernel.queue
2026-08-16 14:15:37,627 - twister - DEBUG - Finished building /workspace/scratch/5c70f00d8d01/preview-ws/zephyr/tests/kernel/queue for qemu_m68k/qemu_virt_m68k_m68010 in 82.29 seconds
2026-08-16 14:15:37,628 - twister - DEBUG - Determine test cases for test instance: qemu_m68k/qemu_virt_m68k_m68010/zephyr/gnu/kernel.queue
2026-08-16 14:15:37,628 - twister - DEBUG - Determine test cases for test suite: kernel.queue
2026-08-16 14:15:37,683 - twister - DEBUG - Test instance qemu_m68k/qemu_virt_m68k_m68010/zephyr/gnu/kernel.queue already has 33 testcase(s) known: [<TestCase kernel.queue.queue_api_1cpu.queue_loop with None>, <TestCase kernel.queue.queue_api_1cpu.queue_supv_to_user with None>, <TestCase kernel.queue.queue_api_1cpu.queue_thread2thread with None>, <TestCase kernel.queue.queue_api.queue_isr2thread with None>, <TestCase kernel.queue.queue_api_1cpu.queue_multithread_competition with None>, <TestCase kernel.queue.queue_api.queue_thread2isr with None>, <TestCase kernel.queue.queue_api.queue_is_empty_null with None>, <TestCase kernel.queue.queue_api.queue_peek_head_null with None>, <TestCase kernel.queue.queue_api.queue_insert_after with None>, <TestCase kernel.queue.queue_api.queue_init with None>, <TestCase kernel.queue.queue_api.queue_alloc_append_null with None>, <TestCase kernel.queue.queue_api.queue_append_list_error with None>, <TestCase kernel.queue.queue_api.queue_prepend_order with None>, <TestCase kernel.queue.queue_api.queue_merge_list_error with None>, <TestCase kernel.queue.queue_api.queue_alloc with None>, <TestCase kernel.queue.queue_api.queue_define with None>, <TestCase kernel.queue.queue_api_1cpu.queue_poll_race with None>, <TestCase kernel.queue.queue_api_1cpu.queue_get_fail with None>, <TestCase kernel.queue.queue_api.queue_peek_tail_null with None>, <TestCase kernel.queue.queue_api.queue_alloc_prepend_user with None>, <TestCase kernel.queue.queue_api.multiple_queues with None>, <TestCase kernel.queue.queue_api.access_kernel_obj_with_priv_data with None>, <TestCase kernel.queue.queue_api.queue_cancel_wait_error with None>, <TestCase kernel.queue.queue_api.queue_alloc_append_user with None>, <TestCase kernel.queue.queue_api_1cpu.queue_get_2threads with None>, <TestCase kernel.queue.queue_api.queue_alloc_prepend_null with None>, <TestCase kernel.queue.queue_api.queue_merge_slist_order with None>, <TestCase kernel.queue.queue_api.queue_get_null with None>, <TestCase kernel.queue.queue_api.auto_free with None>, <TestCase kernel.queue.queue_api_1cpu.queue_merge_slist_wake with None>, <TestCase kernel.queue.queue_api.queue_append_list_order with None>, <TestCase kernel.queue.queue_api.queue_unique_append with None>, <TestCase kernel.queue.queue_api.queue_init_null with None>]
2026-08-16 14:15:37,683 - twister - DEBUG - Detected 21 Ztest case(s): [kernel.queue.queue_api.queue_unique_append, kernel.queue.queue_api_1cpu.queue_multithread_competition, kernel.queue.queue_api.access_kernel_obj_with_priv_data, kernel.queue.queue_api.multiple_queues, kernel.queue.queue_api_1cpu.queue_poll_race, kernel.queue.queue_api.queue_alloc, kernel.queue.queue_api_1cpu.queue_get_2threads, kernel.queue.queue_api.queue_isr2thread, kernel.queue.queue_api.queue_thread2isr, kernel.queue.queue_api_1cpu.queue_merge_slist_wake, kernel.queue.queue_api.queue_merge_slist_order, kernel.queue.queue_api.queue_append_list_order, kernel.queue.queue_api.queue_insert_after, kernel.queue.queue_api.queue_prepend_order, kernel.queue.queue_api.queue_init, kernel.queue.queue_api.queue_define, kernel.queue.queue_api_1cpu.queue_thread2thread, kernel.queue.queue_api.queue_merge_list_error, kernel.queue.queue_api.queue_append_list_error, kernel.queue.queue_api_1cpu.queue_get_fail, kernel.queue.queue_api_1cpu.queue_loop] in /workspace/scratch/1b6e38f66c85/kqueue-ab-final/patched/qemu_m68k_qemu_virt_m68k_m68010/zephyr_gnu/tests/kernel/queue/kernel.queue/zephyr/zephyr.elf
2026-08-16 14:15:37,683 - twister - DEBUG - run test: qemu_m68k/qemu_virt_m68k_m68010/zephyr/gnu/kernel.queue
2026-08-16 14:15:37,683 - twister - DEBUG - Reset instance status from 'passed' to None before run.
2026-08-16 14:15:37,683 - twister - DEBUG - Spawning QEMUHandler Thread for qemu_m68k/qemu_virt_m68k_m68010/zephyr/gnu/kernel.queue
2026-08-16 14:15:37,684 - twister - DEBUG - Running qemu_m68k/qemu_virt_m68k_m68010/zephyr/gnu/kernel.queue (qemu)
2026-08-16 14:15:37,686 - twister - DEBUG - Spawning QEMUHandler Thread for qemu_m68k/qemu_virt_m68k_m68010/zephyr/gnu/kernel.queue
2026-08-16 14:15:38,114 - twister - DEBUG - QEMU (3965): *** Booting Zephyr OS build 4.4.99 ***
2026-08-16 14:15:38,141 - twister - DEBUG - QEMU (3965): Running TESTSUITE queue_api
2026-08-16 14:15:38,142 - twister - DEBUG - QEMU (3965): ===================================================================
2026-08-16 14:15:38,148 - twister - DEBUG - QEMU (3965): START - test_access_kernel_obj_with_priv_data
2026-08-16 14:15:38,197 - twister - DEBUG - QEMU (3965):  PASS - test_access_kernel_obj_with_priv_data in 0.001 seconds
2026-08-16 14:15:38,198 - twister - DEBUG - QEMU (3965): ===================================================================
2026-08-16 14:15:38,199 - twister - DEBUG - QEMU (3965): START - test_multiple_queues
2026-08-16 14:15:38,199 - twister - DEBUG - QEMU (3965):  PASS - test_multiple_queues in 0.002 seconds
2026-08-16 14:15:38,199 - twister - DEBUG - QEMU (3965): ===================================================================
2026-08-16 14:15:38,199 - twister - DEBUG - QEMU (3965): START - test_queue_alloc
2026-08-16 14:15:38,201 - twister - DEBUG - QEMU (3965):  PASS - test_queue_alloc in 0.001 seconds
2026-08-16 14:15:38,201 - twister - DEBUG - QEMU (3965): ===================================================================
2026-08-16 14:15:38,201 - twister - DEBUG - QEMU (3965): START - test_queue_append_list_error
2026-08-16 14:15:38,202 - twister - DEBUG - QEMU (3965):  PASS - test_queue_append_list_error in 0.001 seconds
2026-08-16 14:15:38,202 - twister - DEBUG - QEMU (3965): ===================================================================
2026-08-16 14:15:38,202 - twister - DEBUG - QEMU (3965): START - test_queue_append_list_order
2026-08-16 14:15:38,202 - twister - DEBUG - QEMU (3965):  PASS - test_queue_append_list_order in 0.001 seconds
2026-08-16 14:15:38,202 - twister - DEBUG - QEMU (3965): ===================================================================
2026-08-16 14:15:38,202 - twister - DEBUG - QEMU (3965): START - test_queue_define
2026-08-16 14:15:38,203 - twister - DEBUG - QEMU (3965):  PASS - test_queue_define in 0.001 seconds
2026-08-16 14:15:38,203 - twister - DEBUG - QEMU (3965): ===================================================================
2026-08-16 14:15:38,203 - twister - DEBUG - QEMU (3965): START - test_queue_init
2026-08-16 14:15:38,203 - twister - DEBUG - QEMU (3965):  PASS - test_queue_init in 0.001 seconds
2026-08-16 14:15:38,203 - twister - DEBUG - QEMU (3965): ===================================================================
2026-08-16 14:15:38,203 - twister - DEBUG - QEMU (3965): START - test_queue_insert_after
2026-08-16 14:15:38,204 - twister - DEBUG - QEMU (3965):  PASS - test_queue_insert_after in 0.001 seconds
2026-08-16 14:15:38,204 - twister - DEBUG - QEMU (3965): ===================================================================
2026-08-16 14:15:38,204 - twister - DEBUG - QEMU (3965): START - test_queue_isr2thread
2026-08-16 14:15:38,205 - twister - DEBUG - QEMU (3965):  PASS - test_queue_isr2thread in 0.001 seconds
2026-08-16 14:15:38,205 - twister - DEBUG - QEMU (3965): ===================================================================
2026-08-16 14:15:38,208 - twister - DEBUG - QEMU (3965): START - test_queue_merge_list_error
2026-08-16 14:15:38,209 - twister - DEBUG - QEMU (3965):  PASS - test_queue_merge_list_error in 0.001 seconds
2026-08-16 14:15:38,209 - twister - DEBUG - QEMU (3965): ===================================================================
2026-08-16 14:15:38,209 - twister - DEBUG - QEMU (3965): START - test_queue_merge_slist_order
2026-08-16 14:15:38,209 - twister - DEBUG - QEMU (3965):  PASS - test_queue_merge_slist_order in 0.001 seconds
2026-08-16 14:15:38,209 - twister - DEBUG - QEMU (3965): ===================================================================
2026-08-16 14:15:38,209 - twister - DEBUG - QEMU (3965): START - test_queue_prepend_order
2026-08-16 14:15:38,209 - twister - DEBUG - QEMU (3965):  PASS - test_queue_prepend_order in 0.001 seconds
2026-08-16 14:15:38,209 - twister - DEBUG - QEMU (3965): ===================================================================
2026-08-16 14:15:38,209 - twister - DEBUG - QEMU (3965): START - test_queue_thread2isr
2026-08-16 14:15:38,209 - twister - DEBUG - QEMU (3965):  PASS - test_queue_thread2isr in 0.001 seconds
2026-08-16 14:15:38,210 - twister - DEBUG - QEMU (3965): ===================================================================
2026-08-16 14:15:38,210 - twister - DEBUG - QEMU (3965): START - test_queue_unique_append
2026-08-16 14:15:38,210 - twister - DEBUG - QEMU (3965):  PASS - test_queue_unique_append in 0.001 seconds
2026-08-16 14:15:38,210 - twister - DEBUG - QEMU (3965): ===================================================================
2026-08-16 14:15:38,210 - twister - DEBUG - QEMU (3965): TESTSUITE queue_api succeeded
2026-08-16 14:15:38,210 - twister - DEBUG - QEMU (3965): Running TESTSUITE queue_api_1cpu
2026-08-16 14:15:38,210 - twister - DEBUG - QEMU (3965): ===================================================================
2026-08-16 14:15:38,210 - twister - DEBUG - QEMU (3965): START - test_queue_get_2threads
2026-08-16 14:15:38,212 - twister - DEBUG - QEMU (3965):  PASS - test_queue_get_2threads in 0.014 seconds
2026-08-16 14:15:38,212 - twister - DEBUG - QEMU (3965): ===================================================================
2026-08-16 14:15:38,212 - twister - DEBUG - QEMU (3965): START - test_queue_get_fail
2026-08-16 14:15:38,214 - twister - DEBUG - QEMU (3965):  PASS - test_queue_get_fail in 0.109 seconds
2026-08-16 14:15:38,214 - twister - DEBUG - QEMU (3965): ===================================================================
2026-08-16 14:15:38,214 - twister - DEBUG - QEMU (3965): START - test_queue_loop
2026-08-16 14:15:38,215 - twister - DEBUG - QEMU (3965): * Pass data by queue in loop 0
2026-08-16 14:15:38,215 - twister - DEBUG - QEMU (3965): * Pass data by queue in loop 1
2026-08-16 14:15:38,216 - twister - DEBUG - QEMU (3965): * Pass data by queue in loop 2
2026-08-16 14:15:38,220 - twister - DEBUG - QEMU (3965): * Pass data by queue in loop 3
2026-08-16 14:15:38,221 - twister - DEBUG - QEMU (3965): * Pass data by queue in loop 4
2026-08-16 14:15:38,221 - twister - DEBUG - QEMU (3965): * Pass data by queue in loop 5
2026-08-16 14:15:38,221 - twister - DEBUG - QEMU (3965): * Pass data by queue in loop 6
2026-08-16 14:15:38,221 - twister - DEBUG - QEMU (3965): * Pass data by queue in loop 7
2026-08-16 14:15:38,221 - twister - DEBUG - QEMU (3965): * Pass data by queue in loop 8
2026-08-16 14:15:38,221 - twister - DEBUG - QEMU (3965): * Pass data by queue in loop 9
2026-08-16 14:15:38,221 - twister - DEBUG - QEMU (3965): * Pass data by queue in loop 10
2026-08-16 14:15:38,221 - twister - DEBUG - QEMU (3965): * Pass data by queue in loop 11
2026-08-16 14:15:38,221 - twister - DEBUG - QEMU (3965): * Pass data by queue in loop 12
2026-08-16 14:15:38,221 - twister - DEBUG - QEMU (3965): * Pass data by queue in loop 13
2026-08-16 14:15:38,221 - twister - DEBUG - QEMU (3965): * Pass data by queue in loop 14
2026-08-16 14:15:38,221 - twister - DEBUG - QEMU (3965): * Pass data by queue in loop 15
2026-08-16 14:15:38,221 - twister - DEBUG - QEMU (3965): * Pass data by queue in loop 16
2026-08-16 14:15:38,221 - twister - DEBUG - QEMU (3965): * Pass data by queue in loop 17
2026-08-16 14:15:38,222 - twister - DEBUG - QEMU (3965): * Pass data by queue in loop 18
2026-08-16 14:15:38,222 - twister - DEBUG - QEMU (3965): * Pass data by queue in loop 19
2026-08-16 14:15:38,222 - twister - DEBUG - QEMU (3965): * Pass data by queue in loop 20
2026-08-16 14:15:38,222 - twister - DEBUG - QEMU (3965): * Pass data by queue in loop 21
2026-08-16 14:15:38,222 - twister - DEBUG - QEMU (3965): * Pass data by queue in loop 22
2026-08-16 14:15:38,222 - twister - DEBUG - QEMU (3965): * Pass data by queue in loop 23
2026-08-16 14:15:38,222 - twister - DEBUG - QEMU (3965): * Pass data by queue in loop 24
2026-08-16 14:15:38,222 - twister - DEBUG - QEMU (3965): * Pass data by queue in loop 25
2026-08-16 14:15:38,222 - twister - DEBUG - QEMU (3965): * Pass data by queue in loop 26
2026-08-16 14:15:38,222 - twister - DEBUG - QEMU (3965): * Pass data by queue in loop 27
2026-08-16 14:15:38,222 - twister - DEBUG - QEMU (3965): * Pass data by queue in loop 28
2026-08-16 14:15:38,222 - twister - DEBUG - QEMU (3965): * Pass data by queue in loop 29
2026-08-16 14:15:38,222 - twister - DEBUG - QEMU (3965): * Pass data by queue in loop 30
2026-08-16 14:15:38,222 - twister - DEBUG - QEMU (3965): * Pass data by queue in loop 31
2026-08-16 14:15:38,222 - twister - DEBUG - QEMU (3965):  PASS - test_queue_loop in 0.035 seconds
2026-08-16 14:15:38,223 - twister - DEBUG - QEMU (3965): ===================================================================
2026-08-16 14:15:38,223 - twister - DEBUG - QEMU (3965): START - test_queue_merge_slist_wake
2026-08-16 14:15:38,223 - twister - DEBUG - QEMU (3965):  PASS - test_queue_merge_slist_wake in 0.015 seconds
2026-08-16 14:15:38,223 - twister - DEBUG - QEMU (3965): ===================================================================
2026-08-16 14:15:38,223 - twister - DEBUG - QEMU (3965): START - test_queue_multithread_competition
2026-08-16 14:15:38,224 - twister - DEBUG - QEMU (3965):  PASS - test_queue_multithread_competition in 0.080 seconds
2026-08-16 14:15:38,224 - twister - DEBUG - QEMU (3965): ===================================================================
2026-08-16 14:15:38,224 - twister - DEBUG - QEMU (3965): START - test_queue_poll_race
2026-08-16 14:15:38,226 - twister - DEBUG - QEMU (3965):  PASS - test_queue_poll_race in 0.039 seconds
2026-08-16 14:15:38,227 - twister - DEBUG - QEMU (3965): ===================================================================
2026-08-16 14:15:38,227 - twister - DEBUG - QEMU (3965): START - test_queue_thread2thread
2026-08-16 14:15:38,227 - twister - DEBUG - QEMU (3972): *** Booting Zephyr OS build 4.4.99 ***
2026-08-16 14:15:38,227 - twister - DEBUG - QEMU (3972): Running TESTSUITE queue_api
2026-08-16 14:15:38,227 - twister - DEBUG - QEMU (3965):  PASS - test_queue_thread2thread in 0.001 seconds
2026-08-16 14:15:38,228 - twister - DEBUG - QEMU (3972): ===================================================================
2026-08-16 14:15:38,228 - twister - DEBUG - QEMU (3972): START - test_access_kernel_obj_with_priv_data
2026-08-16 14:15:38,228 - twister - DEBUG - QEMU (3965): ===================================================================
2026-08-16 14:15:38,228 - twister - DEBUG - QEMU (3965): TESTSUITE queue_api_1cpu succeeded
2026-08-16 14:15:38,228 - twister - DEBUG - QEMU (3965): 
2026-08-16 14:15:38,228 - twister - DEBUG - QEMU (3965): ------ TESTSUITE SUMMARY START ------
2026-08-16 14:15:38,228 - twister - DEBUG - QEMU (3965): 
2026-08-16 14:15:38,229 - twister - DEBUG - QEMU (3965): SUITE PASS - 100.00% [queue_api]: pass = 14, fail = 0, skip = 0, total = 14 duration = 0.015 seconds
2026-08-16 14:15:38,229 - twister - DEBUG - QEMU (3965):  - PASS - [queue_api.test_access_kernel_obj_with_priv_data] duration = 0.001 seconds
2026-08-16 14:15:38,229 - twister - DEBUG - QEMU (3965):  - PASS - [queue_api.test_multiple_queues] duration = 0.002 seconds
2026-08-16 14:15:38,230 - twister - DEBUG - QEMU (3965):  - PASS - [queue_api.test_queue_alloc] duration = 0.001 seconds
2026-08-16 14:15:38,230 - twister - DEBUG - QEMU (3965):  - PASS - [queue_api.test_queue_append_list_error] duration = 0.001 seconds
2026-08-16 14:15:38,230 - twister - DEBUG - QEMU (3965):  - PASS - [queue_api.test_queue_append_list_order] duration = 0.001 seconds
2026-08-16 14:15:38,230 - twister - DEBUG - QEMU (3965):  - PASS - [queue_api.test_queue_define] duration = 0.001 seconds
2026-08-16 14:15:38,230 - twister - DEBUG - QEMU (3965):  - PASS - [queue_api.test_queue_init] duration = 0.001 seconds
2026-08-16 14:15:38,230 - twister - DEBUG - QEMU (3965):  - PASS - [queue_api.test_queue_insert_after] duration = 0.001 seconds
2026-08-16 14:15:38,230 - twister - DEBUG - QEMU (3965):  - PASS - [queue_api.test_queue_isr2thread] duration = 0.001 seconds
2026-08-16 14:15:38,230 - twister - DEBUG - QEMU (3965):  - PASS - [queue_api.test_queue_merge_list_error] duration = 0.001 seconds
2026-08-16 14:15:38,230 - twister - DEBUG - QEMU (3965):  - PASS - [queue_api.test_queue_merge_slist_order] duration = 0.001 seconds
2026-08-16 14:15:38,231 - twister - DEBUG - QEMU (3965):  - PASS - [queue_api.test_queue_prepend_order] duration = 0.001 seconds
2026-08-16 14:15:38,231 - twister - DEBUG - QEMU (3965):  - PASS - [queue_api.test_queue_thread2isr] duration = 0.001 seconds
2026-08-16 14:15:38,231 - twister - DEBUG - QEMU (3965):  - PASS - [queue_api.test_queue_unique_append] duration = 0.001 seconds
2026-08-16 14:15:38,231 - twister - DEBUG - QEMU (3965): 
2026-08-16 14:15:38,231 - twister - DEBUG - QEMU (3965): SUITE PASS - 100.00% [queue_api_1cpu]: pass = 7, fail = 0, skip = 0, total = 7 duration = 0.293 seconds
2026-08-16 14:15:38,231 - twister - DEBUG - QEMU (3965):  - PASS - [queue_api_1cpu.test_queue_get_2threads] duration = 0.014 seconds
2026-08-16 14:15:38,231 - twister - DEBUG - QEMU (3965):  - PASS - [queue_api_1cpu.test_queue_get_fail] duration = 0.109 seconds
2026-08-16 14:15:38,231 - twister - DEBUG - QEMU (3965):  - PASS - [queue_api_1cpu.test_queue_loop] duration = 0.035 seconds
2026-08-16 14:15:38,232 - twister - DEBUG - QEMU (3965):  - PASS - [queue_api_1cpu.test_queue_merge_slist_wake] duration = 0.015 seconds
2026-08-16 14:15:38,232 - twister - DEBUG - QEMU (3965):  - PASS - [queue_api_1cpu.test_queue_multithread_competition] duration = 0.080 seconds
2026-08-16 14:15:38,232 - twister - DEBUG - QEMU (3965):  - PASS - [queue_api_1cpu.test_queue_poll_race] duration = 0.039 seconds
2026-08-16 14:15:38,232 - twister - DEBUG - QEMU (3965):  - PASS - [queue_api_1cpu.test_queue_thread2thread] duration = 0.001 seconds
2026-08-16 14:15:38,232 - twister - DEBUG - QEMU (3965): 
2026-08-16 14:15:38,235 - twister - DEBUG - QEMU (3965): ------ TESTSUITE SUMMARY END ------
2026-08-16 14:15:38,235 - twister - DEBUG - QEMU (3965): 
2026-08-16 14:15:38,235 - twister - DEBUG - QEMU (3965): ===================================================================
2026-08-16 14:15:38,235 - twister - DEBUG - QEMU (3965): RunID: 1ea6d7ced7947e7bc96caa0d46e08771
2026-08-16 14:15:38,235 - twister - DEBUG - QEMU (3965): PROJECT EXECUTION SUCCESSFUL
2026-08-16 14:15:38,249 - twister - DEBUG - QEMU (3972):  PASS - test_access_kernel_obj_with_priv_data in 0.001 seconds
2026-08-16 14:15:38,249 - twister - DEBUG - QEMU (3972): ===================================================================
2026-08-16 14:15:38,249 - twister - DEBUG - QEMU (3972): START - test_multiple_queues
2026-08-16 14:15:38,250 - twister - DEBUG - QEMU (3972):  PASS - test_multiple_queues in 0.002 seconds
2026-08-16 14:15:38,250 - twister - DEBUG - QEMU (3972): ===================================================================
2026-08-16 14:15:38,250 - twister - DEBUG - QEMU (3972): START - test_queue_alloc
2026-08-16 14:15:38,254 - twister - DEBUG - QEMU (3972):  PASS - test_queue_alloc in 0.001 seconds
2026-08-16 14:15:38,254 - twister - DEBUG - QEMU (3972): ===================================================================
2026-08-16 14:15:38,254 - twister - DEBUG - QEMU (3972): START - test_queue_append_list_error
2026-08-16 14:15:38,258 - twister - DEBUG - QEMU (3972):  PASS - test_queue_append_list_error in 0.001 seconds
2026-08-16 14:15:38,258 - twister - DEBUG - QEMU (3972): ===================================================================
2026-08-16 14:15:38,264 - twister - DEBUG - QEMU (3972): START - test_queue_append_list_order
2026-08-16 14:15:38,265 - twister - DEBUG - QEMU (3972):  PASS - test_queue_append_list_order in 0.001 seconds
2026-08-16 14:15:38,265 - twister - DEBUG - QEMU (3972): ===================================================================
2026-08-16 14:15:38,265 - twister - DEBUG - QEMU (3972): START - test_queue_define
2026-08-16 14:15:38,265 - twister - DEBUG - QEMU (3972):  PASS - test_queue_define in 0.001 seconds
2026-08-16 14:15:38,265 - twister - DEBUG - QEMU (3972): ===================================================================
2026-08-16 14:15:38,265 - twister - DEBUG - QEMU (3972): START - test_queue_init
2026-08-16 14:15:38,265 - twister - DEBUG - QEMU (3972):  PASS - test_queue_init in 0.001 seconds
2026-08-16 14:15:38,265 - twister - DEBUG - QEMU (3972): ===================================================================
2026-08-16 14:15:38,265 - twister - DEBUG - QEMU (3972): START - test_queue_insert_after
2026-08-16 14:15:38,265 - twister - DEBUG - QEMU (3972):  PASS - test_queue_insert_after in 0.001 seconds
2026-08-16 14:15:38,265 - twister - DEBUG - QEMU (3972): ===================================================================
2026-08-16 14:15:38,266 - twister - DEBUG - QEMU (3972): START - test_queue_isr2thread
2026-08-16 14:15:38,266 - twister - DEBUG - QEMU (3972):  PASS - test_queue_isr2thread in 0.001 seconds
2026-08-16 14:15:38,266 - twister - DEBUG - QEMU (3972): ===================================================================
2026-08-16 14:15:38,266 - twister - DEBUG - QEMU (3972): START - test_queue_merge_list_error
2026-08-16 14:15:38,266 - twister - DEBUG - QEMU (3972):  PASS - test_queue_merge_list_error in 0.001 seconds
2026-08-16 14:15:38,266 - twister - DEBUG - QEMU (3972): ===================================================================
2026-08-16 14:15:38,266 - twister - DEBUG - QEMU (3972): START - test_queue_merge_slist_order
2026-08-16 14:15:38,266 - twister - DEBUG - QEMU (3972):  PASS - test_queue_merge_slist_order in 0.001 seconds
2026-08-16 14:15:38,266 - twister - DEBUG - QEMU (3972): ===================================================================
2026-08-16 14:15:38,266 - twister - DEBUG - QEMU (3972): START - test_queue_prepend_order
2026-08-16 14:15:38,267 - twister - DEBUG - QEMU (3972):  PASS - test_queue_prepend_order in 0.001 seconds
2026-08-16 14:15:38,267 - twister - DEBUG - QEMU (3972): ===================================================================
2026-08-16 14:15:38,267 - twister - DEBUG - QEMU (3972): START - test_queue_thread2isr
2026-08-16 14:15:38,267 - twister - DEBUG - QEMU (3972):  PASS - test_queue_thread2isr in 0.001 seconds
2026-08-16 14:15:38,267 - twister - DEBUG - QEMU (3972): ===================================================================
2026-08-16 14:15:38,267 - twister - DEBUG - QEMU (3972): START - test_queue_unique_append
2026-08-16 14:15:38,267 - twister - DEBUG - QEMU (3972):  PASS - test_queue_unique_append in 0.001 seconds
2026-08-16 14:15:38,267 - twister - DEBUG - QEMU (3972): ===================================================================
2026-08-16 14:15:38,267 - twister - DEBUG - QEMU (3972): TESTSUITE queue_api succeeded
2026-08-16 14:15:38,271 - twister - DEBUG - QEMU (3972): Running TESTSUITE queue_api_1cpu
2026-08-16 14:15:38,280 - twister - DEBUG - QEMU (3972): ===================================================================
2026-08-16 14:15:38,281 - twister - DEBUG - QEMU (3972): START - test_queue_get_2threads
2026-08-16 14:15:38,298 - twister - DEBUG - QEMU (3972):  PASS - test_queue_get_2threads in 0.014 seconds
2026-08-16 14:15:38,299 - twister - DEBUG - QEMU (3972): ===================================================================
2026-08-16 14:15:38,299 - twister - DEBUG - QEMU (3972): START - test_queue_get_fail
2026-08-16 14:15:38,300 - twister - DEBUG - QEMU (3972):  PASS - test_queue_get_fail in 0.109 seconds
2026-08-16 14:15:38,300 - twister - DEBUG - QEMU (3972): ===================================================================
2026-08-16 14:15:38,300 - twister - DEBUG - QEMU (3972): START - test_queue_loop
2026-08-16 14:15:38,300 - twister - DEBUG - QEMU (3972): * Pass data by queue in loop 0
2026-08-16 14:15:38,301 - twister - DEBUG - QEMU (3972): * Pass data by queue in loop 1
2026-08-16 14:15:38,301 - twister - DEBUG - QEMU (3972): * Pass data by queue in loop 2
2026-08-16 14:15:38,301 - twister - DEBUG - QEMU (3972): * Pass data by queue in loop 3
2026-08-16 14:15:38,301 - twister - DEBUG - QEMU (3972): * Pass data by queue in loop 4
2026-08-16 14:15:38,301 - twister - DEBUG - QEMU (3972): * Pass data by queue in loop 5
2026-08-16 14:15:38,301 - twister - DEBUG - QEMU (3972): * Pass data by queue in loop 6
2026-08-16 14:15:38,301 - twister - DEBUG - QEMU (3972): * Pass data by queue in loop 7
2026-08-16 14:15:38,301 - twister - DEBUG - QEMU (3972): * Pass data by queue in loop 8
2026-08-16 14:15:38,302 - twister - DEBUG - QEMU (3972): * Pass data by queue in loop 9
2026-08-16 14:15:38,302 - twister - DEBUG - QEMU (3972): * Pass data by queue in loop 10
2026-08-16 14:15:38,302 - twister - DEBUG - QEMU (3972): * Pass data by queue in loop 11
2026-08-16 14:15:38,302 - twister - DEBUG - QEMU (3972): * Pass data by queue in loop 12
2026-08-16 14:15:38,302 - twister - DEBUG - QEMU (3972): * Pass data by queue in loop 13
2026-08-16 14:15:38,302 - twister - DEBUG - QEMU (3972): * Pass data by queue in loop 14
2026-08-16 14:15:38,302 - twister - DEBUG - QEMU (3972): * Pass data by queue in loop 15
2026-08-16 14:15:38,302 - twister - DEBUG - QEMU (3972): * Pass data by queue in loop 16
2026-08-16 14:15:38,302 - twister - DEBUG - QEMU (3972): * Pass data by queue in loop 17
2026-08-16 14:15:38,302 - twister - DEBUG - QEMU (3972): * Pass data by queue in loop 18
2026-08-16 14:15:38,303 - twister - DEBUG - QEMU (3972): * Pass data by queue in loop 19
2026-08-16 14:15:38,304 - twister - DEBUG - QEMU (3972): * Pass data by queue in loop 20
2026-08-16 14:15:38,304 - twister - DEBUG - QEMU (3972): * Pass data by queue in loop 21
2026-08-16 14:15:38,304 - twister - DEBUG - QEMU (3972): * Pass data by queue in loop 22
2026-08-16 14:15:38,304 - twister - DEBUG - QEMU (3972): * Pass data by queue in loop 23
2026-08-16 14:15:38,304 - twister - DEBUG - QEMU (3972): * Pass data by queue in loop 24
2026-08-16 14:15:38,304 - twister - DEBUG - QEMU (3972): * Pass data by queue in loop 25
2026-08-16 14:15:38,304 - twister - DEBUG - QEMU (3972): * Pass data by queue in loop 26
2026-08-16 14:15:38,304 - twister - DEBUG - QEMU (3972): * Pass data by queue in loop 27
2026-08-16 14:15:38,304 - twister - DEBUG - QEMU (3972): * Pass data by queue in loop 28
2026-08-16 14:15:38,304 - twister - DEBUG - QEMU (3972): * Pass data by queue in loop 29
2026-08-16 14:15:38,304 - twister - DEBUG - QEMU (3972): * Pass data by queue in loop 30
2026-08-16 14:15:38,304 - twister - DEBUG - QEMU (3972): * Pass data by queue in loop 31
2026-08-16 14:15:38,304 - twister - DEBUG - QEMU (3972):  PASS - test_queue_loop in 0.035 seconds
2026-08-16 14:15:38,305 - twister - DEBUG - QEMU (3972): ===================================================================
2026-08-16 14:15:38,305 - twister - DEBUG - QEMU (3972): START - test_queue_merge_slist_wake
2026-08-16 14:15:38,306 - twister - DEBUG - QEMU (3972):  PASS - test_queue_merge_slist_wake in 0.015 seconds
2026-08-16 14:15:38,306 - twister - DEBUG - QEMU (3972): ===================================================================
2026-08-16 14:15:38,306 - twister - DEBUG - QEMU (3972): START - test_queue_multithread_competition
2026-08-16 14:15:38,307 - twister - DEBUG - QEMU (3972):  PASS - test_queue_multithread_competition in 0.080 seconds
2026-08-16 14:15:38,307 - twister - DEBUG - QEMU (3972): ===================================================================
2026-08-16 14:15:38,307 - twister - DEBUG - QEMU (3972): START - test_queue_poll_race
2026-08-16 14:15:38,311 - twister - DEBUG - QEMU (3972):  PASS - test_queue_poll_race in 0.039 seconds
2026-08-16 14:15:38,311 - twister - DEBUG - QEMU (3972): ===================================================================
2026-08-16 14:15:38,311 - twister - DEBUG - QEMU (3972): START - test_queue_thread2thread
2026-08-16 14:15:38,311 - twister - DEBUG - QEMU (3972):  PASS - test_queue_thread2thread in 0.001 seconds
2026-08-16 14:15:38,311 - twister - DEBUG - QEMU (3972): ===================================================================
2026-08-16 14:15:38,311 - twister - DEBUG - QEMU (3972): TESTSUITE queue_api_1cpu succeeded
2026-08-16 14:15:38,311 - twister - DEBUG - QEMU (3972): 
2026-08-16 14:15:38,311 - twister - DEBUG - QEMU (3972): ------ TESTSUITE SUMMARY START ------
2026-08-16 14:15:38,311 - twister - DEBUG - QEMU (3972): 
2026-08-16 14:15:38,312 - twister - DEBUG - QEMU (3972): SUITE PASS - 100.00% [queue_api]: pass = 14, fail = 0, skip = 0, total = 14 duration = 0.015 seconds
2026-08-16 14:15:38,312 - twister - DEBUG - QEMU (3972):  - PASS - [queue_api.test_access_kernel_obj_with_priv_data] duration = 0.001 seconds
2026-08-16 14:15:38,312 - twister - DEBUG - QEMU (3972):  - PASS - [queue_api.test_multiple_queues] duration = 0.002 seconds
2026-08-16 14:15:38,312 - twister - DEBUG - QEMU (3972):  - PASS - [queue_api.test_queue_alloc] duration = 0.001 seconds
2026-08-16 14:15:38,312 - twister - DEBUG - QEMU (3972):  - PASS - [queue_api.test_queue_append_list_error] duration = 0.001 seconds
2026-08-16 14:15:38,312 - twister - DEBUG - QEMU (3972):  - PASS - [queue_api.test_queue_append_list_order] duration = 0.001 seconds
2026-08-16 14:15:38,312 - twister - DEBUG - QEMU (3972):  - PASS - [queue_api.test_queue_define] duration = 0.001 seconds
2026-08-16 14:15:38,312 - twister - DEBUG - QEMU (3972):  - PASS - [queue_api.test_queue_init] duration = 0.001 seconds
2026-08-16 14:15:38,313 - twister - DEBUG - QEMU (3972):  - PASS - [queue_api.test_queue_insert_after] duration = 0.001 seconds
2026-08-16 14:15:38,313 - twister - DEBUG - QEMU (3972):  - PASS - [queue_api.test_queue_isr2thread] duration = 0.001 seconds
2026-08-16 14:15:38,313 - twister - DEBUG - QEMU (3972):  - PASS - [queue_api.test_queue_merge_list_error] duration = 0.001 seconds
2026-08-16 14:15:38,313 - twister - DEBUG - QEMU (3972):  - PASS - [queue_api.test_queue_merge_slist_order] duration = 0.001 seconds
2026-08-16 14:15:38,313 - twister - DEBUG - QEMU (3972):  - PASS - [queue_api.test_queue_prepend_order] duration = 0.001 seconds
2026-08-16 14:15:38,313 - twister - DEBUG - QEMU (3972):  - PASS - [queue_api.test_queue_thread2isr] duration = 0.001 seconds
2026-08-16 14:15:38,313 - twister - DEBUG - QEMU (3972):  - PASS - [queue_api.test_queue_unique_append] duration = 0.001 seconds
2026-08-16 14:15:38,313 - twister - DEBUG - QEMU (3972): 
2026-08-16 14:15:38,313 - twister - DEBUG - QEMU (3972): SUITE PASS - 100.00% [queue_api_1cpu]: pass = 7, fail = 0, skip = 0, total = 7 duration = 0.293 seconds
2026-08-16 14:15:38,314 - twister - DEBUG - QEMU (3972):  - PASS - [queue_api_1cpu.test_queue_get_2threads] duration = 0.014 seconds
2026-08-16 14:15:38,315 - twister - DEBUG - QEMU (3972):  - PASS - [queue_api_1cpu.test_queue_get_fail] duration = 0.109 seconds
2026-08-16 14:15:38,315 - twister - DEBUG - QEMU (3972):  - PASS - [queue_api_1cpu.test_queue_loop] duration = 0.035 seconds
2026-08-16 14:15:38,315 - twister - DEBUG - QEMU (3972):  - PASS - [queue_api_1cpu.test_queue_merge_slist_wake] duration = 0.015 seconds
2026-08-16 14:15:38,315 - twister - DEBUG - QEMU (3972):  - PASS - [queue_api_1cpu.test_queue_multithread_competition] duration = 0.080 seconds
2026-08-16 14:15:38,315 - twister - DEBUG - QEMU (3972):  - PASS - [queue_api_1cpu.test_queue_poll_race] duration = 0.039 seconds
2026-08-16 14:15:38,315 - twister - DEBUG - QEMU (3972):  - PASS - [queue_api_1cpu.test_queue_thread2thread] duration = 0.001 seconds
2026-08-16 14:15:38,315 - twister - DEBUG - QEMU (3972): 
2026-08-16 14:15:38,315 - twister - DEBUG - QEMU (3972): ------ TESTSUITE SUMMARY END ------
2026-08-16 14:15:38,315 - twister - DEBUG - QEMU (3972): 
2026-08-16 14:15:38,315 - twister - DEBUG - QEMU (3972): ===================================================================
2026-08-16 14:15:38,315 - twister - DEBUG - QEMU (3972): RunID: 68631ed6dfeb25f7b5fda7460bc2cb77
2026-08-16 14:15:38,315 - twister - DEBUG - QEMU (3972): PROJECT EXECUTION SUCCESSFUL
2026-08-16 14:15:39,242 - twister - DEBUG - QEMU (3965) complete with passed (None) after 1.439241647720337 seconds
2026-08-16 14:15:39,305 - twister - DEBUG - No timeout, return code from QEMU (None): 0
2026-08-16 14:15:39,305 - twister - DEBUG - return code from QEMU (None): 0
2026-08-16 14:15:39,306 - twister - DEBUG - Expected suite names:['queue_api', 'queue_api_1cpu']
2026-08-16 14:15:39,306 - twister - DEBUG - Detected suite names:['queue_api', 'queue_api_1cpu']
2026-08-16 14:15:39,306 - twister - DEBUG - run status: qemu_m68k/qemu_virt_m68k_m68000/zephyr/gnu/kernel.queue passed
2026-08-16 14:15:39,308 - twister - DEBUG - Running cmake on /workspace/scratch/5c70f00d8d01/preview-ws/zephyr/tests/kernel/lifo/lifo_api for qemu_m68k/qemu_virt_m68k_m68010
2026-08-16 14:15:39,309 - twister - DEBUG - Calling cmake: /workspace/scratch/5c70f00d8d01/zephyr-venv/lib/python3.12/site-packages/bin/cmake -B/workspace/scratch/1b6e38f66c85/kqueue-ab-final/patched/qemu_m68k_qemu_virt_m68k_m68010/zephyr_gnu/tests/kernel/lifo/lifo_api/kernel.lifo -DTC_RUNID=be35ec16a2475f48f87654e39d02e46c -DTC_NAME=kernel.lifo -DCONFIG_COMPILER_WARNINGS_AS_ERRORS=y -DEXTRA_GEN_EDT_ARGS=--edtlib-Werror -GNinja -DPython3_EXECUTABLE=/workspace/scratch/5c70f00d8d01/zephyr-venv/bin/python -DZEPHYR_TOOLCHAIN_VARIANT=zephyr/gnu -S/workspace/scratch/5c70f00d8d01/preview-ws/zephyr/tests/kernel/lifo/lifo_api -DQEMU_PIPE=/workspace/scratch/1b6e38f66c85/kqueue-ab-final/patched/qemu_m68k_qemu_virt_m68k_m68010/zephyr_gnu/tests/kernel/lifo/lifo_api/kernel.lifo/qemu-fifo -DBOARD=qemu_m68k/qemu_virt_m68k_m68010
2026-08-16 14:15:39,317 - twister - DEBUG - QEMU (3972) complete with passed (None) after 1.3676888942718506 seconds
2026-08-16 14:15:39,374 - twister - DEBUG - No timeout, return code from QEMU (None): 0
2026-08-16 14:15:39,374 - twister - DEBUG - return code from QEMU (None): 0
2026-08-16 14:15:39,374 - twister - DEBUG - Expected suite names:['queue_api', 'queue_api_1cpu']
2026-08-16 14:15:39,374 - twister - DEBUG - Detected suite names:['queue_api', 'queue_api_1cpu']
2026-08-16 14:15:39,374 - twister - DEBUG - run status: qemu_m68k/qemu_virt_m68k_m68010/zephyr/gnu/kernel.queue passed
2026-08-16 14:15:39,375 - twister - DEBUG - Running cmake on /workspace/scratch/5c70f00d8d01/preview-ws/zephyr/tests/kernel/lifo/lifo_api for qemu_m68k/qemu_virt_m68k_m68000
2026-08-16 14:15:39,375 - twister - DEBUG - Calling cmake: /workspace/scratch/5c70f00d8d01/zephyr-venv/lib/python3.12/site-packages/bin/cmake -B/workspace/scratch/1b6e38f66c85/kqueue-ab-final/patched/qemu_m68k_qemu_virt_m68k_m68000/zephyr_gnu/tests/kernel/lifo/lifo_api/kernel.lifo -DTC_RUNID=cc7ac0148132bef1de20a97d1e059858 -DTC_NAME=kernel.lifo -DCONFIG_COMPILER_WARNINGS_AS_ERRORS=y -DEXTRA_GEN_EDT_ARGS=--edtlib-Werror -GNinja -DPython3_EXECUTABLE=/workspace/scratch/5c70f00d8d01/zephyr-venv/bin/python -DZEPHYR_TOOLCHAIN_VARIANT=zephyr/gnu -S/workspace/scratch/5c70f00d8d01/preview-ws/zephyr/tests/kernel/lifo/lifo_api -DQEMU_PIPE=/workspace/scratch/1b6e38f66c85/kqueue-ab-final/patched/qemu_m68k_qemu_virt_m68k_m68000/zephyr_gnu/tests/kernel/lifo/lifo_api/kernel.lifo/qemu-fifo -DBOARD=qemu_m68k/qemu_virt_m68k_m68000
2026-08-16 14:15:48,696 - twister - DEBUG - Finished building /workspace/scratch/5c70f00d8d01/preview-ws/zephyr/tests/kernel/queue for qemu_m68k/qemu_virt_m68k_m68010 in 82.02 seconds
2026-08-16 14:15:48,696 - twister - DEBUG - Determine test cases for test instance: qemu_m68k/qemu_virt_m68k_m68010/zephyr/gnu/kernel.queue.minimallibc
2026-08-16 14:15:48,696 - twister - DEBUG - Determine test cases for test suite: kernel.queue.minimallibc
2026-08-16 14:15:48,731 - twister - DEBUG - Test instance qemu_m68k/qemu_virt_m68k_m68010/zephyr/gnu/kernel.queue.minimallibc already has 33 testcase(s) known: [<TestCase kernel.queue.minimallibc.queue_api_1cpu.queue_loop with None>, <TestCase kernel.queue.minimallibc.queue_api_1cpu.queue_supv_to_user with None>, <TestCase kernel.queue.minimallibc.queue_api_1cpu.queue_thread2thread with None>, <TestCase kernel.queue.minimallibc.queue_api.queue_isr2thread with None>, <TestCase kernel.queue.minimallibc.queue_api_1cpu.queue_multithread_competition with None>, <TestCase kernel.queue.minimallibc.queue_api.queue_thread2isr with None>, <TestCase kernel.queue.minimallibc.queue_api.queue_is_empty_null with None>, <TestCase kernel.queue.minimallibc.queue_api.queue_peek_head_null with None>, <TestCase kernel.queue.minimallibc.queue_api.queue_insert_after with None>, <TestCase kernel.queue.minimallibc.queue_api.queue_init with None>, <TestCase kernel.queue.minimallibc.queue_api.queue_alloc_append_null with None>, <TestCase kernel.queue.minimallibc.queue_api.queue_append_list_error with None>, <TestCase kernel.queue.minimallibc.queue_api.queue_prepend_order with None>, <TestCase kernel.queue.minimallibc.queue_api.queue_merge_list_error with None>, <TestCase kernel.queue.minimallibc.queue_api.queue_alloc with None>, <TestCase kernel.queue.minimallibc.queue_api.queue_define with None>, <TestCase kernel.queue.minimallibc.queue_api_1cpu.queue_poll_race with None>, <TestCase kernel.queue.minimallibc.queue_api_1cpu.queue_get_fail with None>, <TestCase kernel.queue.minimallibc.queue_api.queue_peek_tail_null with None>, <TestCase kernel.queue.minimallibc.queue_api.queue_alloc_prepend_user with None>, <TestCase kernel.queue.minimallibc.queue_api.multiple_queues with None>, <TestCase kernel.queue.minimallibc.queue_api.access_kernel_obj_with_priv_data with None>, <TestCase kernel.queue.minimallibc.queue_api.queue_cancel_wait_error with None>, <TestCase kernel.queue.minimallibc.queue_api.queue_alloc_append_user with None>, <TestCase kernel.queue.minimallibc.queue_api_1cpu.queue_get_2threads with None>, <TestCase kernel.queue.minimallibc.queue_api.queue_alloc_prepend_null with None>, <TestCase kernel.queue.minimallibc.queue_api.queue_merge_slist_order with None>, <TestCase kernel.queue.minimallibc.queue_api.queue_get_null with None>, <TestCase kernel.queue.minimallibc.queue_api.auto_free with None>, <TestCase kernel.queue.minimallibc.queue_api_1cpu.queue_merge_slist_wake with None>, <TestCase kernel.queue.minimallibc.queue_api.queue_append_list_order with None>, <TestCase kernel.queue.minimallibc.queue_api.queue_unique_append with None>, <TestCase kernel.queue.minimallibc.queue_api.queue_init_null with None>]
2026-08-16 14:15:48,732 - twister - DEBUG - Detected 21 Ztest case(s): [kernel.queue.minimallibc.queue_api.queue_unique_append, kernel.queue.minimallibc.queue_api_1cpu.queue_multithread_competition, kernel.queue.minimallibc.queue_api.access_kernel_obj_with_priv_data, kernel.queue.minimallibc.queue_api.multiple_queues, kernel.queue.minimallibc.queue_api_1cpu.queue_poll_race, kernel.queue.minimallibc.queue_api.queue_alloc, kernel.queue.minimallibc.queue_api_1cpu.queue_get_2threads, kernel.queue.minimallibc.queue_api.queue_isr2thread, kernel.queue.minimallibc.queue_api.queue_thread2isr, kernel.queue.minimallibc.queue_api_1cpu.queue_merge_slist_wake, kernel.queue.minimallibc.queue_api.queue_merge_slist_order, kernel.queue.minimallibc.queue_api.queue_append_list_order, kernel.queue.minimallibc.queue_api.queue_insert_after, kernel.queue.minimallibc.queue_api.queue_prepend_order, kernel.queue.minimallibc.queue_api.queue_init, kernel.queue.minimallibc.queue_api.queue_define, kernel.queue.minimallibc.queue_api_1cpu.queue_thread2thread, kernel.queue.minimallibc.queue_api.queue_merge_list_error, kernel.queue.minimallibc.queue_api.queue_append_list_error, kernel.queue.minimallibc.queue_api_1cpu.queue_get_fail, kernel.queue.minimallibc.queue_api_1cpu.queue_loop] in /workspace/scratch/1b6e38f66c85/kqueue-ab-final/patched/qemu_m68k_qemu_virt_m68k_m68010/zephyr_gnu/tests/kernel/queue/kernel.queue.minimallibc/zephyr/zephyr.elf
2026-08-16 14:15:48,732 - twister - DEBUG - run test: qemu_m68k/qemu_virt_m68k_m68010/zephyr/gnu/kernel.queue.minimallibc
2026-08-16 14:15:48,732 - twister - DEBUG - Reset instance status from 'passed' to None before run.
2026-08-16 14:15:48,732 - twister - DEBUG - Spawning QEMUHandler Thread for qemu_m68k/qemu_virt_m68k_m68010/zephyr/gnu/kernel.queue.minimallibc
2026-08-16 14:15:48,733 - twister - DEBUG - Running qemu_m68k/qemu_virt_m68k_m68010/zephyr/gnu/kernel.queue.minimallibc (qemu)
2026-08-16 14:15:48,736 - twister - DEBUG - Spawning QEMUHandler Thread for qemu_m68k/qemu_virt_m68k_m68010/zephyr/gnu/kernel.queue.minimallibc
2026-08-16 14:15:49,269 - twister - DEBUG - QEMU (4347): *** Booting Zephyr OS build 4.4.99 ***
2026-08-16 14:15:49,270 - twister - DEBUG - QEMU (4347): Running TESTSUITE queue_api
2026-08-16 14:15:49,271 - twister - DEBUG - QEMU (4347): ===================================================================
2026-08-16 14:15:49,271 - twister - DEBUG - QEMU (4347): START - test_access_kernel_obj_with_priv_data
2026-08-16 14:15:49,275 - twister - DEBUG - QEMU (4347):  PASS - test_access_kernel_obj_with_priv_data in 0.001 seconds
2026-08-16 14:15:49,275 - twister - DEBUG - QEMU (4347): ===================================================================
2026-08-16 14:15:49,275 - twister - DEBUG - QEMU (4347): START - test_multiple_queues
2026-08-16 14:15:49,278 - twister - DEBUG - QEMU (4347):  PASS - test_multiple_queues in 0.002 seconds
2026-08-16 14:15:49,280 - twister - DEBUG - QEMU (4347): ===================================================================
2026-08-16 14:15:49,280 - twister - DEBUG - QEMU (4347): START - test_queue_alloc
2026-08-16 14:15:49,302 - twister - DEBUG - QEMU (4347):  PASS - test_queue_alloc in 0.001 seconds
2026-08-16 14:15:49,303 - twister - DEBUG - QEMU (4347): ===================================================================
2026-08-16 14:15:49,303 - twister - DEBUG - QEMU (4347): START - test_queue_append_list_error
2026-08-16 14:15:49,310 - twister - DEBUG - QEMU (4347):  PASS - test_queue_append_list_error in 0.001 seconds
2026-08-16 14:15:49,310 - twister - DEBUG - QEMU (4347): ===================================================================
2026-08-16 14:15:49,310 - twister - DEBUG - QEMU (4347): START - test_queue_append_list_order
2026-08-16 14:15:49,312 - twister - DEBUG - QEMU (4347):  PASS - test_queue_append_list_order in 0.001 seconds
2026-08-16 14:15:49,312 - twister - DEBUG - QEMU (4347): ===================================================================
2026-08-16 14:15:49,312 - twister - DEBUG - QEMU (4347): START - test_queue_define
2026-08-16 14:15:49,313 - twister - DEBUG - QEMU (4347):  PASS - test_queue_define in 0.001 seconds
2026-08-16 14:15:49,314 - twister - DEBUG - QEMU (4347): ===================================================================
2026-08-16 14:15:49,315 - twister - DEBUG - QEMU (4347): START - test_queue_init
2026-08-16 14:15:49,325 - twister - DEBUG - QEMU (4347):  PASS - test_queue_init in 0.001 seconds
2026-08-16 14:15:49,326 - twister - DEBUG - QEMU (4347): ===================================================================
2026-08-16 14:15:49,327 - twister - DEBUG - QEMU (4347): START - test_queue_insert_after
2026-08-16 14:15:49,330 - twister - DEBUG - QEMU (4347):  PASS - test_queue_insert_after in 0.001 seconds
2026-08-16 14:15:49,330 - twister - DEBUG - QEMU (4347): ===================================================================
2026-08-16 14:15:49,330 - twister - DEBUG - QEMU (4347): START - test_queue_isr2thread
2026-08-16 14:15:49,331 - twister - DEBUG - QEMU (4347):  PASS - test_queue_isr2thread in 0.001 seconds
2026-08-16 14:15:49,331 - twister - DEBUG - QEMU (4347): ===================================================================
2026-08-16 14:15:49,331 - twister - DEBUG - QEMU (4347): START - test_queue_merge_list_error
2026-08-16 14:15:49,331 - twister - DEBUG - QEMU (4347):  PASS - test_queue_merge_list_error in 0.001 seconds
2026-08-16 14:15:49,331 - twister - DEBUG - QEMU (4347): ===================================================================
2026-08-16 14:15:49,332 - twister - DEBUG - QEMU (4347): START - test_queue_merge_slist_order
2026-08-16 14:15:49,332 - twister - DEBUG - QEMU (4347):  PASS - test_queue_merge_slist_order in 0.001 seconds
2026-08-16 14:15:49,332 - twister - DEBUG - QEMU (4347): ===================================================================
2026-08-16 14:15:49,332 - twister - DEBUG - QEMU (4347): START - test_queue_prepend_order
2026-08-16 14:15:49,332 - twister - DEBUG - QEMU (4347):  PASS - test_queue_prepend_order in 0.001 seconds
2026-08-16 14:15:49,333 - twister - DEBUG - QEMU (4347): ===================================================================
2026-08-16 14:15:49,333 - twister - DEBUG - QEMU (4347): START - test_queue_thread2isr
2026-08-16 14:15:49,333 - twister - DEBUG - QEMU (4347):  PASS - test_queue_thread2isr in 0.001 seconds
2026-08-16 14:15:49,333 - twister - DEBUG - QEMU (4347): ===================================================================
2026-08-16 14:15:49,333 - twister - DEBUG - QEMU (4347): START - test_queue_unique_append
2026-08-16 14:15:49,333 - twister - DEBUG - QEMU (4347):  PASS - test_queue_unique_append in 0.001 seconds
2026-08-16 14:15:49,333 - twister - DEBUG - QEMU (4347): ===================================================================
2026-08-16 14:15:49,333 - twister - DEBUG - QEMU (4347): TESTSUITE queue_api succeeded
2026-08-16 14:15:49,334 - twister - DEBUG - QEMU (4347): Running TESTSUITE queue_api_1cpu
2026-08-16 14:15:49,334 - twister - DEBUG - QEMU (4347): ===================================================================
2026-08-16 14:15:49,334 - twister - DEBUG - QEMU (4347): START - test_queue_get_2threads
2026-08-16 14:15:49,335 - twister - DEBUG - QEMU (4347):  PASS - test_queue_get_2threads in 0.012 seconds
2026-08-16 14:15:49,335 - twister - DEBUG - QEMU (4347): ===================================================================
2026-08-16 14:15:49,335 - twister - DEBUG - QEMU (4347): START - test_queue_get_fail
2026-08-16 14:15:49,337 - twister - DEBUG - QEMU (4347):  PASS - test_queue_get_fail in 0.109 seconds
2026-08-16 14:15:49,337 - twister - DEBUG - QEMU (4347): ===================================================================
2026-08-16 14:15:49,337 - twister - DEBUG - QEMU (4347): START - test_queue_loop
2026-08-16 14:15:49,337 - twister - DEBUG - QEMU (4347): * Pass data by queue in loop 0
2026-08-16 14:15:49,337 - twister - DEBUG - QEMU (4347): * Pass data by queue in loop 1
2026-08-16 14:15:49,338 - twister - DEBUG - QEMU (4347): * Pass data by queue in loop 2
2026-08-16 14:15:49,338 - twister - DEBUG - QEMU (4347): * Pass data by queue in loop 3
2026-08-16 14:15:49,338 - twister - DEBUG - QEMU (4347): * Pass data by queue in loop 4
2026-08-16 14:15:49,338 - twister - DEBUG - QEMU (4347): * Pass data by queue in loop 5
2026-08-16 14:15:49,338 - twister - DEBUG - QEMU (4347): * Pass data by queue in loop 6
2026-08-16 14:15:49,338 - twister - DEBUG - QEMU (4347): * Pass data by queue in loop 7
2026-08-16 14:15:49,338 - twister - DEBUG - QEMU (4347): * Pass data by queue in loop 8
2026-08-16 14:15:49,338 - twister - DEBUG - QEMU (4347): * Pass data by queue in loop 9
2026-08-16 14:15:49,339 - twister - DEBUG - QEMU (4347): * Pass data by queue in loop 10
2026-08-16 14:15:49,339 - twister - DEBUG - QEMU (4347): * Pass data by queue in loop 11
2026-08-16 14:15:49,339 - twister - DEBUG - QEMU (4347): * Pass data by queue in loop 12
2026-08-16 14:15:49,339 - twister - DEBUG - QEMU (4347): * Pass data by queue in loop 13
2026-08-16 14:15:49,339 - twister - DEBUG - QEMU (4347): * Pass data by queue in loop 14
2026-08-16 14:15:49,339 - twister - DEBUG - QEMU (4347): * Pass data by queue in loop 15
2026-08-16 14:15:49,339 - twister - DEBUG - QEMU (4347): * Pass data by queue in loop 16
2026-08-16 14:15:49,339 - twister - DEBUG - QEMU (4347): * Pass data by queue in loop 17
2026-08-16 14:15:49,340 - twister - DEBUG - QEMU (4347): * Pass data by queue in loop 18
2026-08-16 14:15:49,340 - twister - DEBUG - QEMU (4347): * Pass data by queue in loop 19
2026-08-16 14:15:49,340 - twister - DEBUG - QEMU (4347): * Pass data by queue in loop 20
2026-08-16 14:15:49,340 - twister - DEBUG - QEMU (4347): * Pass data by queue in loop 21
2026-08-16 14:15:49,340 - twister - DEBUG - QEMU (4347): * Pass data by queue in loop 22
2026-08-16 14:15:49,340 - twister - DEBUG - QEMU (4347): * Pass data by queue in loop 23
2026-08-16 14:15:49,340 - twister - DEBUG - QEMU (4347): * Pass data by queue in loop 24
2026-08-16 14:15:49,340 - twister - DEBUG - QEMU (4347): * Pass data by queue in loop 25
2026-08-16 14:15:49,341 - twister - DEBUG - QEMU (4347): * Pass data by queue in loop 26
2026-08-16 14:15:49,341 - twister - DEBUG - QEMU (4347): * Pass data by queue in loop 27
2026-08-16 14:15:49,341 - twister - DEBUG - QEMU (4347): * Pass data by queue in loop 28
2026-08-16 14:15:49,341 - twister - DEBUG - QEMU (4347): * Pass data by queue in loop 29
2026-08-16 14:15:49,341 - twister - DEBUG - QEMU (4347): * Pass data by queue in loop 30
2026-08-16 14:15:49,341 - twister - DEBUG - QEMU (4347): * Pass data by queue in loop 31
2026-08-16 14:15:49,341 - twister - DEBUG - QEMU (4347):  PASS - test_queue_loop in 0.037 seconds
2026-08-16 14:15:49,342 - twister - DEBUG - QEMU (4347): ===================================================================
2026-08-16 14:15:49,342 - twister - DEBUG - QEMU (4347): START - test_queue_merge_slist_wake
2026-08-16 14:15:49,342 - twister - DEBUG - QEMU (4347):  PASS - test_queue_merge_slist_wake in 0.013 seconds
2026-08-16 14:15:49,342 - twister - DEBUG - QEMU (4347): ===================================================================
2026-08-16 14:15:49,342 - twister - DEBUG - QEMU (4347): START - test_queue_multithread_competition
2026-08-16 14:15:49,343 - twister - DEBUG - QEMU (4347):  PASS - test_queue_multithread_competition in 0.080 seconds
2026-08-16 14:15:49,344 - twister - DEBUG - QEMU (4347): ===================================================================
2026-08-16 14:15:49,344 - twister - DEBUG - QEMU (4347): START - test_queue_poll_race
2026-08-16 14:15:49,344 - twister - DEBUG - QEMU (4347):  PASS - test_queue_poll_race in 0.039 seconds
2026-08-16 14:15:49,344 - twister - DEBUG - QEMU (4347): ===================================================================
2026-08-16 14:15:49,344 - twister - DEBUG - QEMU (4347): START - test_queue_thread2thread
2026-08-16 14:15:49,345 - twister - DEBUG - QEMU (4347):  PASS - test_queue_thread2thread in 0.001 seconds
2026-08-16 14:15:49,345 - twister - DEBUG - QEMU (4347): ===================================================================
2026-08-16 14:15:49,345 - twister - DEBUG - QEMU (4347): TESTSUITE queue_api_1cpu succeeded
2026-08-16 14:15:49,345 - twister - DEBUG - QEMU (4347): 
2026-08-16 14:15:49,345 - twister - DEBUG - QEMU (4347): ------ TESTSUITE SUMMARY START ------
2026-08-16 14:15:49,345 - twister - DEBUG - QEMU (4347): 
2026-08-16 14:15:49,346 - twister - DEBUG - QEMU (4347): SUITE PASS - 100.00% [queue_api]: pass = 14, fail = 0, skip = 0, total = 14 duration = 0.015 seconds
2026-08-16 14:15:49,346 - twister - DEBUG - QEMU (4347):  - PASS - [queue_api.test_access_kernel_obj_with_priv_data] duration = 0.001 seconds
2026-08-16 14:15:49,346 - twister - DEBUG - QEMU (4347):  - PASS - [queue_api.test_multiple_queues] duration = 0.002 seconds
2026-08-16 14:15:49,346 - twister - DEBUG - QEMU (4347):  - PASS - [queue_api.test_queue_alloc] duration = 0.001 seconds
2026-08-16 14:15:49,346 - twister - DEBUG - QEMU (4347):  - PASS - [queue_api.test_queue_append_list_error] duration = 0.001 seconds
2026-08-16 14:15:49,346 - twister - DEBUG - QEMU (4347):  - PASS - [queue_api.test_queue_append_list_order] duration = 0.001 seconds
2026-08-16 14:15:49,346 - twister - DEBUG - QEMU (4347):  - PASS - [queue_api.test_queue_define] duration = 0.001 seconds
2026-08-16 14:15:49,346 - twister - DEBUG - QEMU (4347):  - PASS - [queue_api.test_queue_init] duration = 0.001 seconds
2026-08-16 14:15:49,347 - twister - DEBUG - QEMU (4347):  - PASS - [queue_api.test_queue_insert_after] duration = 0.001 seconds
2026-08-16 14:15:49,347 - twister - DEBUG - QEMU (4347):  - PASS - [queue_api.test_queue_isr2thread] duration = 0.001 seconds
2026-08-16 14:15:49,347 - twister - DEBUG - QEMU (4347):  - PASS - [queue_api.test_queue_merge_list_error] duration = 0.001 seconds
2026-08-16 14:15:49,347 - twister - DEBUG - QEMU (4347):  - PASS - [queue_api.test_queue_merge_slist_order] duration = 0.001 seconds
2026-08-16 14:15:49,347 - twister - DEBUG - QEMU (4347):  - PASS - [queue_api.test_queue_prepend_order] duration = 0.001 seconds
2026-08-16 14:15:49,347 - twister - DEBUG - QEMU (4347):  - PASS - [queue_api.test_queue_thread2isr] duration = 0.001 seconds
2026-08-16 14:15:49,347 - twister - DEBUG - QEMU (4347):  - PASS - [queue_api.test_queue_unique_append] duration = 0.001 seconds
2026-08-16 14:15:49,347 - twister - DEBUG - QEMU (4347): 
2026-08-16 14:15:49,348 - twister - DEBUG - QEMU (4347): SUITE PASS - 100.00% [queue_api_1cpu]: pass = 7, fail = 0, skip = 0, total = 7 duration = 0.291 seconds
2026-08-16 14:15:49,348 - twister - DEBUG - QEMU (4347):  - PASS - [queue_api_1cpu.test_queue_get_2threads] duration = 0.012 seconds
2026-08-16 14:15:49,348 - twister - DEBUG - QEMU (4347):  - PASS - [queue_api_1cpu.test_queue_get_fail] duration = 0.109 seconds
2026-08-16 14:15:49,348 - twister - DEBUG - QEMU (4347):  - PASS - [queue_api_1cpu.test_queue_loop] duration = 0.037 seconds
2026-08-16 14:15:49,348 - twister - DEBUG - QEMU (4347):  - PASS - [queue_api_1cpu.test_queue_merge_slist_wake] duration = 0.013 seconds
2026-08-16 14:15:49,348 - twister - DEBUG - QEMU (4347):  - PASS - [queue_api_1cpu.test_queue_multithread_competition] duration = 0.080 seconds
2026-08-16 14:15:49,348 - twister - DEBUG - QEMU (4347):  - PASS - [queue_api_1cpu.test_queue_poll_race] duration = 0.039 seconds
2026-08-16 14:15:49,348 - twister - DEBUG - QEMU (4347):  - PASS - [queue_api_1cpu.test_queue_thread2thread] duration = 0.001 seconds
2026-08-16 14:15:49,348 - twister - DEBUG - QEMU (4347): 
2026-08-16 14:15:49,349 - twister - DEBUG - QEMU (4347): ------ TESTSUITE SUMMARY END ------
2026-08-16 14:15:49,349 - twister - DEBUG - QEMU (4347): 
2026-08-16 14:15:49,349 - twister - DEBUG - QEMU (4347): ===================================================================
2026-08-16 14:15:49,349 - twister - DEBUG - QEMU (4347): RunID: cfb4457554573f616ba790471d60ebb2
2026-08-16 14:15:49,349 - twister - DEBUG - QEMU (4347): PROJECT EXECUTION SUCCESSFUL
2026-08-16 14:15:50,041 - twister - DEBUG - Finished building /workspace/scratch/5c70f00d8d01/preview-ws/zephyr/tests/kernel/queue for qemu_m68k/qemu_virt_m68k_m68000 in 82.51 seconds
2026-08-16 14:15:50,042 - twister - DEBUG - Determine test cases for test instance: qemu_m68k/qemu_virt_m68k_m68000/zephyr/gnu/kernel.queue.minimallibc
2026-08-16 14:15:50,042 - twister - DEBUG - Determine test cases for test suite: kernel.queue.minimallibc
2026-08-16 14:15:50,085 - twister - DEBUG - Test instance qemu_m68k/qemu_virt_m68k_m68000/zephyr/gnu/kernel.queue.minimallibc already has 33 testcase(s) known: [<TestCase kernel.queue.minimallibc.queue_api_1cpu.queue_loop with None>, <TestCase kernel.queue.minimallibc.queue_api_1cpu.queue_supv_to_user with None>, <TestCase kernel.queue.minimallibc.queue_api_1cpu.queue_thread2thread with None>, <TestCase kernel.queue.minimallibc.queue_api.queue_isr2thread with None>, <TestCase kernel.queue.minimallibc.queue_api_1cpu.queue_multithread_competition with None>, <TestCase kernel.queue.minimallibc.queue_api.queue_thread2isr with None>, <TestCase kernel.queue.minimallibc.queue_api.queue_is_empty_null with None>, <TestCase kernel.queue.minimallibc.queue_api.queue_peek_head_null with None>, <TestCase kernel.queue.minimallibc.queue_api.queue_insert_after with None>, <TestCase kernel.queue.minimallibc.queue_api.queue_init with None>, <TestCase kernel.queue.minimallibc.queue_api.queue_alloc_append_null with None>, <TestCase kernel.queue.minimallibc.queue_api.queue_append_list_error with None>, <TestCase kernel.queue.minimallibc.queue_api.queue_prepend_order with None>, <TestCase kernel.queue.minimallibc.queue_api.queue_merge_list_error with None>, <TestCase kernel.queue.minimallibc.queue_api.queue_alloc with None>, <TestCase kernel.queue.minimallibc.queue_api.queue_define with None>, <TestCase kernel.queue.minimallibc.queue_api_1cpu.queue_poll_race with None>, <TestCase kernel.queue.minimallibc.queue_api_1cpu.queue_get_fail with None>, <TestCase kernel.queue.minimallibc.queue_api.queue_peek_tail_null with None>, <TestCase kernel.queue.minimallibc.queue_api.queue_alloc_prepend_user with None>, <TestCase kernel.queue.minimallibc.queue_api.multiple_queues with None>, <TestCase kernel.queue.minimallibc.queue_api.access_kernel_obj_with_priv_data with None>, <TestCase kernel.queue.minimallibc.queue_api.queue_cancel_wait_error with None>, <TestCase kernel.queue.minimallibc.queue_api.queue_alloc_append_user with None>, <TestCase kernel.queue.minimallibc.queue_api_1cpu.queue_get_2threads with None>, <TestCase kernel.queue.minimallibc.queue_api.queue_alloc_prepend_null with None>, <TestCase kernel.queue.minimallibc.queue_api.queue_merge_slist_order with None>, <TestCase kernel.queue.minimallibc.queue_api.queue_get_null with None>, <TestCase kernel.queue.minimallibc.queue_api.auto_free with None>, <TestCase kernel.queue.minimallibc.queue_api_1cpu.queue_merge_slist_wake with None>, <TestCase kernel.queue.minimallibc.queue_api.queue_append_list_order with None>, <TestCase kernel.queue.minimallibc.queue_api.queue_unique_append with None>, <TestCase kernel.queue.minimallibc.queue_api.queue_init_null with None>]
2026-08-16 14:15:50,085 - twister - DEBUG - Detected 21 Ztest case(s): [kernel.queue.minimallibc.queue_api.queue_unique_append, kernel.queue.minimallibc.queue_api_1cpu.queue_multithread_competition, kernel.queue.minimallibc.queue_api.access_kernel_obj_with_priv_data, kernel.queue.minimallibc.queue_api.multiple_queues, kernel.queue.minimallibc.queue_api_1cpu.queue_poll_race, kernel.queue.minimallibc.queue_api.queue_alloc, kernel.queue.minimallibc.queue_api_1cpu.queue_get_2threads, kernel.queue.minimallibc.queue_api.queue_isr2thread, kernel.queue.minimallibc.queue_api.queue_thread2isr, kernel.queue.minimallibc.queue_api_1cpu.queue_merge_slist_wake, kernel.queue.minimallibc.queue_api.queue_merge_slist_order, kernel.queue.minimallibc.queue_api.queue_append_list_order, kernel.queue.minimallibc.queue_api.queue_insert_after, kernel.queue.minimallibc.queue_api.queue_prepend_order, kernel.queue.minimallibc.queue_api.queue_init, kernel.queue.minimallibc.queue_api.queue_define, kernel.queue.minimallibc.queue_api_1cpu.queue_thread2thread, kernel.queue.minimallibc.queue_api.queue_merge_list_error, kernel.queue.minimallibc.queue_api.queue_append_list_error, kernel.queue.minimallibc.queue_api_1cpu.queue_get_fail, kernel.queue.minimallibc.queue_api_1cpu.queue_loop] in /workspace/scratch/1b6e38f66c85/kqueue-ab-final/patched/qemu_m68k_qemu_virt_m68k_m68000/zephyr_gnu/tests/kernel/queue/kernel.queue.minimallibc/zephyr/zephyr.elf
2026-08-16 14:15:50,085 - twister - DEBUG - run test: qemu_m68k/qemu_virt_m68k_m68000/zephyr/gnu/kernel.queue.minimallibc
2026-08-16 14:15:50,085 - twister - DEBUG - Reset instance status from 'passed' to None before run.
2026-08-16 14:15:50,085 - twister - DEBUG - Spawning QEMUHandler Thread for qemu_m68k/qemu_virt_m68k_m68000/zephyr/gnu/kernel.queue.minimallibc
2026-08-16 14:15:50,086 - twister - DEBUG - Running qemu_m68k/qemu_virt_m68k_m68000/zephyr/gnu/kernel.queue.minimallibc (qemu)
2026-08-16 14:15:50,089 - twister - DEBUG - Spawning QEMUHandler Thread for qemu_m68k/qemu_virt_m68k_m68000/zephyr/gnu/kernel.queue.minimallibc
2026-08-16 14:15:50,350 - twister - DEBUG - QEMU (4347) complete with passed (None) after 1.41733717918396 seconds
2026-08-16 14:15:50,422 - twister - DEBUG - No timeout, return code from QEMU (None): 0
2026-08-16 14:15:50,422 - twister - DEBUG - return code from QEMU (None): 0
2026-08-16 14:15:50,422 - twister - DEBUG - Expected suite names:['queue_api', 'queue_api_1cpu']
2026-08-16 14:15:50,422 - twister - DEBUG - Detected suite names:['queue_api', 'queue_api_1cpu']
2026-08-16 14:15:50,423 - twister - DEBUG - run status: qemu_m68k/qemu_virt_m68k_m68010/zephyr/gnu/kernel.queue.minimallibc passed
2026-08-16 14:15:50,423 - twister - DEBUG - Running cmake on /workspace/scratch/5c70f00d8d01/preview-ws/zephyr/tests/kernel/lifo/lifo_usage for qemu_m68k/qemu_virt_m68k_m68010
2026-08-16 14:15:50,423 - twister - DEBUG - Calling cmake: /workspace/scratch/5c70f00d8d01/zephyr-venv/lib/python3.12/site-packages/bin/cmake -B/workspace/scratch/1b6e38f66c85/kqueue-ab-final/patched/qemu_m68k_qemu_virt_m68k_m68010/zephyr_gnu/tests/kernel/lifo/lifo_usage/kernel.lifo.usage -DTC_RUNID=9d73de2c032169e46c8af52982438c2e -DTC_NAME=kernel.lifo.usage -DCONFIG_COMPILER_WARNINGS_AS_ERRORS=y -DEXTRA_GEN_EDT_ARGS=--edtlib-Werror -GNinja -DPython3_EXECUTABLE=/workspace/scratch/5c70f00d8d01/zephyr-venv/bin/python -DZEPHYR_TOOLCHAIN_VARIANT=zephyr/gnu -S/workspace/scratch/5c70f00d8d01/preview-ws/zephyr/tests/kernel/lifo/lifo_usage -DQEMU_PIPE=/workspace/scratch/1b6e38f66c85/kqueue-ab-final/patched/qemu_m68k_qemu_virt_m68k_m68010/zephyr_gnu/tests/kernel/lifo/lifo_usage/kernel.lifo.usage/qemu-fifo -DBOARD=qemu_m68k/qemu_virt_m68k_m68010
2026-08-16 14:15:50,887 - twister - DEBUG - QEMU (4385): *** Booting Zephyr OS build 4.4.99 ***
2026-08-16 14:15:50,888 - twister - DEBUG - QEMU (4385): Running TESTSUITE queue_api
2026-08-16 14:15:50,888 - twister - DEBUG - QEMU (4385): ===================================================================
2026-08-16 14:15:50,888 - twister - DEBUG - QEMU (4385): START - test_access_kernel_obj_with_priv_data
2026-08-16 14:15:50,893 - twister - DEBUG - QEMU (4385):  PASS - test_access_kernel_obj_with_priv_data in 0.001 seconds
2026-08-16 14:15:50,893 - twister - DEBUG - QEMU (4385): ===================================================================
2026-08-16 14:15:50,893 - twister - DEBUG - QEMU (4385): START - test_multiple_queues
2026-08-16 14:15:50,895 - twister - DEBUG - QEMU (4385):  PASS - test_multiple_queues in 0.002 seconds
2026-08-16 14:15:50,895 - twister - DEBUG - QEMU (4385): ===================================================================
2026-08-16 14:15:50,895 - twister - DEBUG - QEMU (4385): START - test_queue_alloc
2026-08-16 14:15:50,896 - twister - DEBUG - QEMU (4385):  PASS - test_queue_alloc in 0.001 seconds
2026-08-16 14:15:50,896 - twister - DEBUG - QEMU (4385): ===================================================================
2026-08-16 14:15:50,896 - twister - DEBUG - QEMU (4385): START - test_queue_append_list_error
2026-08-16 14:15:50,897 - twister - DEBUG - QEMU (4385):  PASS - test_queue_append_list_error in 0.001 seconds
2026-08-16 14:15:50,897 - twister - DEBUG - QEMU (4385): ===================================================================
2026-08-16 14:15:50,897 - twister - DEBUG - QEMU (4385): START - test_queue_append_list_order
2026-08-16 14:15:50,898 - twister - DEBUG - QEMU (4385):  PASS - test_queue_append_list_order in 0.001 seconds
2026-08-16 14:15:50,898 - twister - DEBUG - QEMU (4385): ===================================================================
2026-08-16 14:15:50,898 - twister - DEBUG - QEMU (4385): START - test_queue_define
2026-08-16 14:15:50,898 - twister - DEBUG - QEMU (4385):  PASS - test_queue_define in 0.001 seconds
2026-08-16 14:15:50,898 - twister - DEBUG - QEMU (4385): ===================================================================
2026-08-16 14:15:50,898 - twister - DEBUG - QEMU (4385): START - test_queue_init
2026-08-16 14:15:50,921 - twister - DEBUG - QEMU (4385):  PASS - test_queue_init in 0.001 seconds
2026-08-16 14:15:50,922 - twister - DEBUG - QEMU (4385): ===================================================================
2026-08-16 14:15:50,922 - twister - DEBUG - QEMU (4385): START - test_queue_insert_after
2026-08-16 14:15:50,922 - twister - DEBUG - QEMU (4385):  PASS - test_queue_insert_after in 0.001 seconds
2026-08-16 14:15:50,922 - twister - DEBUG - QEMU (4385): ===================================================================
2026-08-16 14:15:50,922 - twister - DEBUG - QEMU (4385): START - test_queue_isr2thread
2026-08-16 14:15:50,922 - twister - DEBUG - QEMU (4385):  PASS - test_queue_isr2thread in 0.001 seconds
2026-08-16 14:15:50,922 - twister - DEBUG - QEMU (4385): ===================================================================
2026-08-16 14:15:50,923 - twister - DEBUG - QEMU (4385): START - test_queue_merge_list_error
2026-08-16 14:15:50,923 - twister - DEBUG - QEMU (4385):  PASS - test_queue_merge_list_error in 0.001 seconds
2026-08-16 14:15:50,923 - twister - DEBUG - QEMU (4385): ===================================================================
2026-08-16 14:15:50,923 - twister - DEBUG - QEMU (4385): START - test_queue_merge_slist_order
2026-08-16 14:15:50,923 - twister - DEBUG - QEMU (4385):  PASS - test_queue_merge_slist_order in 0.001 seconds
2026-08-16 14:15:50,923 - twister - DEBUG - QEMU (4385): ===================================================================
2026-08-16 14:15:50,923 - twister - DEBUG - QEMU (4385): START - test_queue_prepend_order
2026-08-16 14:15:50,924 - twister - DEBUG - QEMU (4385):  PASS - test_queue_prepend_order in 0.001 seconds
2026-08-16 14:15:50,924 - twister - DEBUG - QEMU (4385): ===================================================================
2026-08-16 14:15:50,924 - twister - DEBUG - QEMU (4385): START - test_queue_thread2isr
2026-08-16 14:15:50,924 - twister - DEBUG - QEMU (4385):  PASS - test_queue_thread2isr in 0.001 seconds
2026-08-16 14:15:50,924 - twister - DEBUG - QEMU (4385): ===================================================================
2026-08-16 14:15:50,929 - twister - DEBUG - QEMU (4385): START - test_queue_unique_append
2026-08-16 14:15:50,929 - twister - DEBUG - QEMU (4385):  PASS - test_queue_unique_append in 0.001 seconds
2026-08-16 14:15:50,929 - twister - DEBUG - QEMU (4385): ===================================================================
2026-08-16 14:15:50,929 - twister - DEBUG - QEMU (4385): TESTSUITE queue_api succeeded
2026-08-16 14:15:50,929 - twister - DEBUG - QEMU (4385): Running TESTSUITE queue_api_1cpu
2026-08-16 14:15:50,929 - twister - DEBUG - QEMU (4385): ===================================================================
2026-08-16 14:15:50,929 - twister - DEBUG - QEMU (4385): START - test_queue_get_2threads
2026-08-16 14:15:51,038 - twister - DEBUG - QEMU (4385):  PASS - test_queue_get_2threads in 0.012 seconds
2026-08-16 14:15:51,038 - twister - DEBUG - QEMU (4385): ===================================================================
2026-08-16 14:15:51,038 - twister - DEBUG - QEMU (4385): START - test_queue_get_fail
2026-08-16 14:15:51,039 - twister - DEBUG - QEMU (4385):  PASS - test_queue_get_fail in 0.109 seconds
2026-08-16 14:15:51,039 - twister - DEBUG - QEMU (4385): ===================================================================
2026-08-16 14:15:51,039 - twister - DEBUG - QEMU (4385): START - test_queue_loop
2026-08-16 14:15:51,040 - twister - DEBUG - QEMU (4385): * Pass data by queue in loop 0
2026-08-16 14:15:51,040 - twister - DEBUG - QEMU (4385): * Pass data by queue in loop 1
2026-08-16 14:15:51,041 - twister - DEBUG - QEMU (4385): * Pass data by queue in loop 2
2026-08-16 14:15:51,041 - twister - DEBUG - QEMU (4385): * Pass data by queue in loop 3
2026-08-16 14:15:51,041 - twister - DEBUG - QEMU (4385): * Pass data by queue in loop 4
2026-08-16 14:15:51,041 - twister - DEBUG - QEMU (4385): * Pass data by queue in loop 5
2026-08-16 14:15:51,042 - twister - DEBUG - QEMU (4385): * Pass data by queue in loop 6
2026-08-16 14:15:51,042 - twister - DEBUG - QEMU (4385): * Pass data by queue in loop 7
2026-08-16 14:15:51,042 - twister - DEBUG - QEMU (4385): * Pass data by queue in loop 8
2026-08-16 14:15:51,042 - twister - DEBUG - QEMU (4385): * Pass data by queue in loop 9
2026-08-16 14:15:51,042 - twister - DEBUG - QEMU (4385): * Pass data by queue in loop 10
2026-08-16 14:15:51,042 - twister - DEBUG - QEMU (4385): * Pass data by queue in loop 11
2026-08-16 14:15:51,042 - twister - DEBUG - QEMU (4385): * Pass data by queue in loop 12
2026-08-16 14:15:51,042 - twister - DEBUG - QEMU (4385): * Pass data by queue in loop 13
2026-08-16 14:15:51,042 - twister - DEBUG - QEMU (4385): * Pass data by queue in loop 14
2026-08-16 14:15:51,043 - twister - DEBUG - QEMU (4385): * Pass data by queue in loop 15
2026-08-16 14:15:51,043 - twister - DEBUG - QEMU (4385): * Pass data by queue in loop 16
2026-08-16 14:15:51,043 - twister - DEBUG - QEMU (4385): * Pass data by queue in loop 17
2026-08-16 14:15:51,043 - twister - DEBUG - QEMU (4385): * Pass data by queue in loop 18
2026-08-16 14:15:51,043 - twister - DEBUG - QEMU (4385): * Pass data by queue in loop 19
2026-08-16 14:15:51,043 - twister - DEBUG - QEMU (4385): * Pass data by queue in loop 20
2026-08-16 14:15:51,043 - twister - DEBUG - QEMU (4385): * Pass data by queue in loop 21
2026-08-16 14:15:51,043 - twister - DEBUG - QEMU (4385): * Pass data by queue in loop 22
2026-08-16 14:15:51,044 - twister - DEBUG - QEMU (4385): * Pass data by queue in loop 23
2026-08-16 14:15:51,044 - twister - DEBUG - QEMU (4385): * Pass data by queue in loop 24
2026-08-16 14:15:51,044 - twister - DEBUG - QEMU (4385): * Pass data by queue in loop 25
2026-08-16 14:15:51,044 - twister - DEBUG - QEMU (4385): * Pass data by queue in loop 26
2026-08-16 14:15:51,045 - twister - DEBUG - QEMU (4385): * Pass data by queue in loop 27
2026-08-16 14:15:51,045 - twister - DEBUG - QEMU (4385): * Pass data by queue in loop 28
2026-08-16 14:15:51,045 - twister - DEBUG - QEMU (4385): * Pass data by queue in loop 29
2026-08-16 14:15:51,046 - twister - DEBUG - QEMU (4385): * Pass data by queue in loop 30
2026-08-16 14:15:51,046 - twister - DEBUG - QEMU (4385): * Pass data by queue in loop 31
2026-08-16 14:15:51,046 - twister - DEBUG - QEMU (4385):  PASS - test_queue_loop in 0.037 seconds
2026-08-16 14:15:51,046 - twister - DEBUG - QEMU (4385): ===================================================================
2026-08-16 14:15:51,046 - twister - DEBUG - QEMU (4385): START - test_queue_merge_slist_wake
2026-08-16 14:15:51,047 - twister - DEBUG - QEMU (4385):  PASS - test_queue_merge_slist_wake in 0.013 seconds
2026-08-16 14:15:51,047 - twister - DEBUG - QEMU (4385): ===================================================================
2026-08-16 14:15:51,047 - twister - DEBUG - QEMU (4385): START - test_queue_multithread_competition
2026-08-16 14:15:51,048 - twister - DEBUG - QEMU (4385):  PASS - test_queue_multithread_competition in 0.080 seconds
2026-08-16 14:15:51,049 - twister - DEBUG - QEMU (4385): ===================================================================
2026-08-16 14:15:51,049 - twister - DEBUG - QEMU (4385): START - test_queue_poll_race
2026-08-16 14:15:51,049 - twister - DEBUG - QEMU (4385):  PASS - test_queue_poll_race in 0.039 seconds
2026-08-16 14:15:51,049 - twister - DEBUG - QEMU (4385): ===================================================================
2026-08-16 14:15:51,049 - twister - DEBUG - QEMU (4385): START - test_queue_thread2thread
2026-08-16 14:15:51,050 - twister - DEBUG - QEMU (4385):  PASS - test_queue_thread2thread in 0.001 seconds
2026-08-16 14:15:51,050 - twister - DEBUG - QEMU (4385): ===================================================================
2026-08-16 14:15:51,050 - twister - DEBUG - QEMU (4385): TESTSUITE queue_api_1cpu succeeded
2026-08-16 14:15:51,050 - twister - DEBUG - QEMU (4385): 
2026-08-16 14:15:51,051 - twister - DEBUG - QEMU (4385): ------ TESTSUITE SUMMARY START ------
2026-08-16 14:15:51,051 - twister - DEBUG - QEMU (4385): 
2026-08-16 14:15:51,051 - twister - DEBUG - QEMU (4385): SUITE PASS - 100.00% [queue_api]: pass = 14, fail = 0, skip = 0, total = 14 duration = 0.015 seconds
2026-08-16 14:15:51,051 - twister - DEBUG - QEMU (4385):  - PASS - [queue_api.test_access_kernel_obj_with_priv_data] duration = 0.001 seconds
2026-08-16 14:15:51,053 - twister - DEBUG - QEMU (4385):  - PASS - [queue_api.test_multiple_queues] duration = 0.002 seconds
2026-08-16 14:15:51,054 - twister - DEBUG - QEMU (4385):  - PASS - [queue_api.test_queue_alloc] duration = 0.001 seconds
2026-08-16 14:15:51,054 - twister - DEBUG - QEMU (4385):  - PASS - [queue_api.test_queue_append_list_error] duration = 0.001 seconds
2026-08-16 14:15:51,054 - twister - DEBUG - QEMU (4385):  - PASS - [queue_api.test_queue_append_list_order] duration = 0.001 seconds
2026-08-16 14:15:51,054 - twister - DEBUG - QEMU (4385):  - PASS - [queue_api.test_queue_define] duration = 0.001 seconds
2026-08-16 14:15:51,055 - twister - DEBUG - QEMU (4385):  - PASS - [queue_api.test_queue_init] duration = 0.001 seconds
2026-08-16 14:15:51,055 - twister - DEBUG - QEMU (4385):  - PASS - [queue_api.test_queue_insert_after] duration = 0.001 seconds
2026-08-16 14:15:51,055 - twister - DEBUG - QEMU (4385):  - PASS - [queue_api.test_queue_isr2thread] duration = 0.001 seconds
2026-08-16 14:15:51,055 - twister - DEBUG - QEMU (4385):  - PASS - [queue_api.test_queue_merge_list_error] duration = 0.001 seconds
2026-08-16 14:15:51,055 - twister - DEBUG - QEMU (4385):  - PASS - [queue_api.test_queue_merge_slist_order] duration = 0.001 seconds
2026-08-16 14:15:51,056 - twister - DEBUG - QEMU (4385):  - PASS - [queue_api.test_queue_prepend_order] duration = 0.001 seconds
2026-08-16 14:15:51,056 - twister - DEBUG - QEMU (4385):  - PASS - [queue_api.test_queue_thread2isr] duration = 0.001 seconds
2026-08-16 14:15:51,058 - twister - DEBUG - QEMU (4385):  - PASS - [queue_api.test_queue_unique_append] duration = 0.001 seconds
2026-08-16 14:15:51,058 - twister - DEBUG - QEMU (4385): 
2026-08-16 14:15:51,059 - twister - DEBUG - QEMU (4385): SUITE PASS - 100.00% [queue_api_1cpu]: pass = 7, fail = 0, skip = 0, total = 7 duration = 0.291 seconds
2026-08-16 14:15:51,059 - twister - DEBUG - QEMU (4385):  - PASS - [queue_api_1cpu.test_queue_get_2threads] duration = 0.012 seconds
2026-08-16 14:15:51,059 - twister - DEBUG - QEMU (4385):  - PASS - [queue_api_1cpu.test_queue_get_fail] duration = 0.109 seconds
2026-08-16 14:15:51,059 - twister - DEBUG - QEMU (4385):  - PASS - [queue_api_1cpu.test_queue_loop] duration = 0.037 seconds
2026-08-16 14:15:51,059 - twister - DEBUG - QEMU (4385):  - PASS - [queue_api_1cpu.test_queue_merge_slist_wake] duration = 0.013 seconds
2026-08-16 14:15:51,059 - twister - DEBUG - QEMU (4385):  - PASS - [queue_api_1cpu.test_queue_multithread_competition] duration = 0.080 seconds
2026-08-16 14:15:51,059 - twister - DEBUG - QEMU (4385):  - PASS - [queue_api_1cpu.test_queue_poll_race] duration = 0.039 seconds
2026-08-16 14:15:51,060 - twister - DEBUG - QEMU (4385):  - PASS - [queue_api_1cpu.test_queue_thread2thread] duration = 0.001 seconds
2026-08-16 14:15:51,060 - twister - DEBUG - QEMU (4385): 
2026-08-16 14:15:51,060 - twister - DEBUG - QEMU (4385): ------ TESTSUITE SUMMARY END ------
2026-08-16 14:15:51,060 - twister - DEBUG - QEMU (4385): 
2026-08-16 14:15:51,060 - twister - DEBUG - QEMU (4385): ===================================================================
2026-08-16 14:15:51,060 - twister - DEBUG - QEMU (4385): RunID: abed5184c9fbe653c3f22e0e17af8c26
2026-08-16 14:15:51,060 - twister - DEBUG - QEMU (4385): PROJECT EXECUTION SUCCESSFUL
2026-08-16 14:15:52,061 - twister - DEBUG - QEMU (4385) complete with passed (None) after 1.561009407043457 seconds
2026-08-16 14:15:52,131 - twister - DEBUG - No timeout, return code from QEMU (None): 0
2026-08-16 14:15:52,131 - twister - DEBUG - return code from QEMU (None): 0
2026-08-16 14:15:52,131 - twister - DEBUG - Expected suite names:['queue_api', 'queue_api_1cpu']
2026-08-16 14:15:52,131 - twister - DEBUG - Detected suite names:['queue_api', 'queue_api_1cpu']
2026-08-16 14:15:52,131 - twister - DEBUG - run status: qemu_m68k/qemu_virt_m68k_m68000/zephyr/gnu/kernel.queue.minimallibc passed
2026-08-16 14:15:52,131 - twister - DEBUG - Running cmake on /workspace/scratch/5c70f00d8d01/preview-ws/zephyr/tests/kernel/lifo/lifo_usage for qemu_m68k/qemu_virt_m68k_m68000
2026-08-16 14:15:52,131 - twister - DEBUG - Calling cmake: /workspace/scratch/5c70f00d8d01/zephyr-venv/lib/python3.12/site-packages/bin/cmake -B/workspace/scratch/1b6e38f66c85/kqueue-ab-final/patched/qemu_m68k_qemu_virt_m68k_m68000/zephyr_gnu/tests/kernel/lifo/lifo_usage/kernel.lifo.usage -DTC_RUNID=409acf05590f2546e154783f4d3c63a9 -DTC_NAME=kernel.lifo.usage -DCONFIG_COMPILER_WARNINGS_AS_ERRORS=y -DEXTRA_GEN_EDT_ARGS=--edtlib-Werror -GNinja -DPython3_EXECUTABLE=/workspace/scratch/5c70f00d8d01/zephyr-venv/bin/python -DZEPHYR_TOOLCHAIN_VARIANT=zephyr/gnu -S/workspace/scratch/5c70f00d8d01/preview-ws/zephyr/tests/kernel/lifo/lifo_usage -DQEMU_PIPE=/workspace/scratch/1b6e38f66c85/kqueue-ab-final/patched/qemu_m68k_qemu_virt_m68k_m68000/zephyr_gnu/tests/kernel/lifo/lifo_usage/kernel.lifo.usage/qemu-fifo -DBOARD=qemu_m68k/qemu_virt_m68k_m68000
2026-08-16 14:15:54,311 - twister - DEBUG - Finished running cmake /workspace/scratch/5c70f00d8d01/preview-ws/zephyr/tests/kernel/lifo/lifo_api for qemu_m68k/qemu_virt_m68k_m68010 in 15.00 seconds
2026-08-16 14:15:54,312 - twister - DEBUG - build test: qemu_m68k/qemu_virt_m68k_m68010/zephyr/gnu/kernel.lifo
2026-08-16 14:15:54,312 - twister - DEBUG - Building /workspace/scratch/5c70f00d8d01/preview-ws/zephyr/tests/kernel/lifo/lifo_api for qemu_m68k/qemu_virt_m68k_m68010
2026-08-16 14:15:54,314 - twister - DEBUG - Running /workspace/scratch/5c70f00d8d01/zephyr-venv/lib/python3.12/site-packages/bin/cmake --build /workspace/scratch/1b6e38f66c85/kqueue-ab-final/patched/qemu_m68k_qemu_virt_m68k_m68010/zephyr_gnu/tests/kernel/lifo/lifo_api/kernel.lifo
2026-08-16 14:15:54,410 - twister - DEBUG - Finished running cmake /workspace/scratch/5c70f00d8d01/preview-ws/zephyr/tests/kernel/lifo/lifo_api for qemu_m68k/qemu_virt_m68k_m68000 in 15.03 seconds
2026-08-16 14:15:54,410 - twister - DEBUG - build test: qemu_m68k/qemu_virt_m68k_m68000/zephyr/gnu/kernel.lifo
2026-08-16 14:15:54,410 - twister - DEBUG - Building /workspace/scratch/5c70f00d8d01/preview-ws/zephyr/tests/kernel/lifo/lifo_api for qemu_m68k/qemu_virt_m68k_m68000
2026-08-16 14:15:54,412 - twister - DEBUG - Running /workspace/scratch/5c70f00d8d01/zephyr-venv/lib/python3.12/site-packages/bin/cmake --build /workspace/scratch/1b6e38f66c85/kqueue-ab-final/patched/qemu_m68k_qemu_virt_m68k_m68000/zephyr_gnu/tests/kernel/lifo/lifo_api/kernel.lifo
2026-08-16 14:16:06,847 - twister - DEBUG - Finished running cmake /workspace/scratch/5c70f00d8d01/preview-ws/zephyr/tests/kernel/lifo/lifo_usage for qemu_m68k/qemu_virt_m68k_m68010 in 16.42 seconds
2026-08-16 14:16:06,847 - twister - DEBUG - build test: qemu_m68k/qemu_virt_m68k_m68010/zephyr/gnu/kernel.lifo.usage
2026-08-16 14:16:06,847 - twister - DEBUG - Building /workspace/scratch/5c70f00d8d01/preview-ws/zephyr/tests/kernel/lifo/lifo_usage for qemu_m68k/qemu_virt_m68k_m68010
2026-08-16 14:16:06,851 - twister - DEBUG - Running /workspace/scratch/5c70f00d8d01/zephyr-venv/lib/python3.12/site-packages/bin/cmake --build /workspace/scratch/1b6e38f66c85/kqueue-ab-final/patched/qemu_m68k_qemu_virt_m68k_m68010/zephyr_gnu/tests/kernel/lifo/lifo_usage/kernel.lifo.usage
2026-08-16 14:16:08,265 - twister - DEBUG - Finished running cmake /workspace/scratch/5c70f00d8d01/preview-ws/zephyr/tests/kernel/lifo/lifo_usage for qemu_m68k/qemu_virt_m68k_m68000 in 16.13 seconds
2026-08-16 14:16:08,265 - twister - DEBUG - build test: qemu_m68k/qemu_virt_m68k_m68000/zephyr/gnu/kernel.lifo.usage
2026-08-16 14:16:08,265 - twister - DEBUG - Building /workspace/scratch/5c70f00d8d01/preview-ws/zephyr/tests/kernel/lifo/lifo_usage for qemu_m68k/qemu_virt_m68k_m68000
2026-08-16 14:16:08,270 - twister - DEBUG - Running /workspace/scratch/5c70f00d8d01/zephyr-venv/lib/python3.12/site-packages/bin/cmake --build /workspace/scratch/1b6e38f66c85/kqueue-ab-final/patched/qemu_m68k_qemu_virt_m68k_m68000/zephyr_gnu/tests/kernel/lifo/lifo_usage/kernel.lifo.usage
2026-08-16 14:17:13,611 - twister - DEBUG - Finished building /workspace/scratch/5c70f00d8d01/preview-ws/zephyr/tests/kernel/lifo/lifo_api for qemu_m68k/qemu_virt_m68k_m68000 in 79.20 seconds
2026-08-16 14:17:13,612 - twister - DEBUG - Determine test cases for test instance: qemu_m68k/qemu_virt_m68k_m68000/zephyr/gnu/kernel.lifo
2026-08-16 14:17:13,612 - twister - DEBUG - Determine test cases for test suite: kernel.lifo
2026-08-16 14:17:13,673 - twister - DEBUG - Test instance qemu_m68k/qemu_virt_m68k_m68000/zephyr/gnu/kernel.lifo already has 6 testcase(s) known: [<TestCase kernel.lifo.lifo_loop.lifo_loop with None>, <TestCase kernel.lifo.lifo_contexts.lifo_alloc_put with None>, <TestCase kernel.lifo.lifo_fail.lifo_get_fail with None>, <TestCase kernel.lifo.lifo_contexts_1cpu.lifo_thread2thread with None>, <TestCase kernel.lifo.lifo_contexts.lifo_thread2isr with None>, <TestCase kernel.lifo.lifo_contexts.lifo_isr2thread with None>]
2026-08-16 14:17:13,673 - twister - DEBUG - Detected 6 Ztest case(s): [kernel.lifo.lifo_contexts.lifo_alloc_put, kernel.lifo.lifo_contexts.lifo_isr2thread, kernel.lifo.lifo_contexts.lifo_thread2isr, kernel.lifo.lifo_contexts_1cpu.lifo_thread2thread, kernel.lifo.lifo_fail.lifo_get_fail, kernel.lifo.lifo_loop.lifo_loop] in /workspace/scratch/1b6e38f66c85/kqueue-ab-final/patched/qemu_m68k_qemu_virt_m68k_m68000/zephyr_gnu/tests/kernel/lifo/lifo_api/kernel.lifo/zephyr/zephyr.elf
2026-08-16 14:17:13,673 - twister - DEBUG - run test: qemu_m68k/qemu_virt_m68k_m68000/zephyr/gnu/kernel.lifo
2026-08-16 14:17:13,673 - twister - DEBUG - Reset instance status from 'passed' to None before run.
2026-08-16 14:17:13,673 - twister - DEBUG - Spawning QEMUHandler Thread for qemu_m68k/qemu_virt_m68k_m68000/zephyr/gnu/kernel.lifo
2026-08-16 14:17:13,674 - twister - DEBUG - Running qemu_m68k/qemu_virt_m68k_m68000/zephyr/gnu/kernel.lifo (qemu)
2026-08-16 14:17:13,679 - twister - DEBUG - Spawning QEMUHandler Thread for qemu_m68k/qemu_virt_m68k_m68000/zephyr/gnu/kernel.lifo
2026-08-16 14:17:13,693 - twister - DEBUG - Finished building /workspace/scratch/5c70f00d8d01/preview-ws/zephyr/tests/kernel/lifo/lifo_api for qemu_m68k/qemu_virt_m68k_m68010 in 79.38 seconds
2026-08-16 14:17:13,698 - twister - DEBUG - Determine test cases for test instance: qemu_m68k/qemu_virt_m68k_m68010/zephyr/gnu/kernel.lifo
2026-08-16 14:17:13,698 - twister - DEBUG - Determine test cases for test suite: kernel.lifo
2026-08-16 14:17:13,743 - twister - DEBUG - Test instance qemu_m68k/qemu_virt_m68k_m68010/zephyr/gnu/kernel.lifo already has 6 testcase(s) known: [<TestCase kernel.lifo.lifo_loop.lifo_loop with None>, <TestCase kernel.lifo.lifo_contexts.lifo_alloc_put with None>, <TestCase kernel.lifo.lifo_fail.lifo_get_fail with None>, <TestCase kernel.lifo.lifo_contexts_1cpu.lifo_thread2thread with None>, <TestCase kernel.lifo.lifo_contexts.lifo_thread2isr with None>, <TestCase kernel.lifo.lifo_contexts.lifo_isr2thread with None>]
2026-08-16 14:17:13,743 - twister - DEBUG - Detected 6 Ztest case(s): [kernel.lifo.lifo_contexts.lifo_alloc_put, kernel.lifo.lifo_contexts.lifo_isr2thread, kernel.lifo.lifo_contexts.lifo_thread2isr, kernel.lifo.lifo_contexts_1cpu.lifo_thread2thread, kernel.lifo.lifo_fail.lifo_get_fail, kernel.lifo.lifo_loop.lifo_loop] in /workspace/scratch/1b6e38f66c85/kqueue-ab-final/patched/qemu_m68k_qemu_virt_m68k_m68010/zephyr_gnu/tests/kernel/lifo/lifo_api/kernel.lifo/zephyr/zephyr.elf
2026-08-16 14:17:13,743 - twister - DEBUG - run test: qemu_m68k/qemu_virt_m68k_m68010/zephyr/gnu/kernel.lifo
2026-08-16 14:17:13,743 - twister - DEBUG - Reset instance status from 'passed' to None before run.
2026-08-16 14:17:13,743 - twister - DEBUG - Spawning QEMUHandler Thread for qemu_m68k/qemu_virt_m68k_m68010/zephyr/gnu/kernel.lifo
2026-08-16 14:17:13,744 - twister - DEBUG - Running qemu_m68k/qemu_virt_m68k_m68010/zephyr/gnu/kernel.lifo (qemu)
2026-08-16 14:17:13,751 - twister - DEBUG - Spawning QEMUHandler Thread for qemu_m68k/qemu_virt_m68k_m68010/zephyr/gnu/kernel.lifo
2026-08-16 14:17:14,645 - twister - DEBUG - QEMU (8200): *** Booting Zephyr OS build 4.4.99 ***
2026-08-16 14:17:14,645 - twister - DEBUG - QEMU (8200): Running TESTSUITE lifo_contexts
2026-08-16 14:17:14,645 - twister - DEBUG - QEMU (8200): ===================================================================
2026-08-16 14:17:14,646 - twister - DEBUG - QEMU (8200): START - test_lifo_alloc_put
2026-08-16 14:17:14,670 - twister - DEBUG - QEMU (8200):  PASS - test_lifo_alloc_put in 0.001 seconds
2026-08-16 14:17:14,672 - twister - DEBUG - QEMU (8200): ===================================================================
2026-08-16 14:17:14,674 - twister - DEBUG - QEMU (8201): *** Booting Zephyr OS build 4.4.99 ***
2026-08-16 14:17:14,674 - twister - DEBUG - QEMU (8200): START - test_lifo_isr2thread
2026-08-16 14:17:14,676 - twister - DEBUG - QEMU (8201): Running TESTSUITE lifo_contexts
2026-08-16 14:17:14,676 - twister - DEBUG - QEMU (8201): ===================================================================
2026-08-16 14:17:14,679 - twister - DEBUG - QEMU (8200):  PASS - test_lifo_isr2thread in 0.001 seconds
2026-08-16 14:17:14,679 - twister - DEBUG - QEMU (8200): ===================================================================
2026-08-16 14:17:14,679 - twister - DEBUG - QEMU (8200): START - test_lifo_thread2isr
2026-08-16 14:17:14,680 - twister - DEBUG - QEMU (8201): START - test_lifo_alloc_put
2026-08-16 14:17:14,685 - twister - DEBUG - QEMU (8200):  PASS - test_lifo_thread2isr in 0.001 seconds
2026-08-16 14:17:14,685 - twister - DEBUG - QEMU (8200): ===================================================================
2026-08-16 14:17:14,685 - twister - DEBUG - QEMU (8200): TESTSUITE lifo_contexts succeeded
2026-08-16 14:17:14,685 - twister - DEBUG - QEMU (8200): Running TESTSUITE lifo_contexts_1cpu
2026-08-16 14:17:14,686 - twister - DEBUG - QEMU (8200): ===================================================================
2026-08-16 14:17:14,686 - twister - DEBUG - QEMU (8200): START - test_lifo_thread2thread
2026-08-16 14:17:14,693 - twister - DEBUG - QEMU (8200):  PASS - test_lifo_thread2thread in 0.001 seconds
2026-08-16 14:17:14,695 - twister - DEBUG - QEMU (8200): ===================================================================
2026-08-16 14:17:14,701 - twister - DEBUG - QEMU (8200): TESTSUITE lifo_contexts_1cpu succeeded
2026-08-16 14:17:14,701 - twister - DEBUG - QEMU (8200): Running TESTSUITE lifo_fail
2026-08-16 14:17:14,701 - twister - DEBUG - QEMU (8200): ===================================================================
2026-08-16 14:17:14,702 - twister - DEBUG - QEMU (8200): START - test_lifo_get_fail
2026-08-16 14:17:14,704 - twister - DEBUG - QEMU (8201):  PASS - test_lifo_alloc_put in 0.001 seconds
2026-08-16 14:17:14,705 - twister - DEBUG - QEMU (8201): ===================================================================
2026-08-16 14:17:14,707 - twister - DEBUG - QEMU (8201): START - test_lifo_isr2thread
2026-08-16 14:17:14,719 - twister - DEBUG - QEMU (8201):  PASS - test_lifo_isr2thread in 0.001 seconds
2026-08-16 14:17:14,720 - twister - DEBUG - QEMU (8201): ===================================================================
2026-08-16 14:17:14,720 - twister - DEBUG - QEMU (8201): START - test_lifo_thread2isr
2026-08-16 14:17:14,722 - twister - DEBUG - QEMU (8201):  PASS - test_lifo_thread2isr in 0.001 seconds
2026-08-16 14:17:14,723 - twister - DEBUG - QEMU (8201): ===================================================================
2026-08-16 14:17:14,725 - twister - DEBUG - QEMU (8201): TESTSUITE lifo_contexts succeeded
2026-08-16 14:17:14,726 - twister - DEBUG - QEMU (8201): Running TESTSUITE lifo_contexts_1cpu
2026-08-16 14:17:14,726 - twister - DEBUG - QEMU (8201): ===================================================================
2026-08-16 14:17:14,726 - twister - DEBUG - QEMU (8201): START - test_lifo_thread2thread
2026-08-16 14:17:14,738 - twister - DEBUG - QEMU (8200):  PASS - test_lifo_get_fail in 0.104 seconds
2026-08-16 14:17:14,741 - twister - DEBUG - QEMU (8200): ===================================================================
2026-08-16 14:17:14,744 - twister - DEBUG - QEMU (8200): TESTSUITE lifo_fail succeeded
2026-08-16 14:17:14,745 - twister - DEBUG - QEMU (8200): Running TESTSUITE lifo_loop
2026-08-16 14:17:14,745 - twister - DEBUG - QEMU (8200): ===================================================================
2026-08-16 14:17:14,745 - twister - DEBUG - QEMU (8200): START - test_lifo_loop
2026-08-16 14:17:14,746 - twister - DEBUG - QEMU (8200): * Pass data by lifo in loop 0
2026-08-16 14:17:14,746 - twister - DEBUG - QEMU (8200): main lifo put ---> isr lifo get
2026-08-16 14:17:14,746 - twister - DEBUG - QEMU (8200): isr lifo put ---> thread lifo get
2026-08-16 14:17:14,746 - twister - DEBUG - QEMU (8200): thread lifo put ---> main lifo get
2026-08-16 14:17:14,747 - twister - DEBUG - QEMU (8200): 
2026-08-16 14:17:14,747 - twister - DEBUG - QEMU (8200): * Pass data by lifo in loop 1
2026-08-16 14:17:14,748 - twister - DEBUG - QEMU (8200): main lifo put ---> isr lifo get
2026-08-16 14:17:14,752 - twister - DEBUG - QEMU (8200): isr lifo put ---> thread lifo get
2026-08-16 14:17:14,753 - twister - DEBUG - QEMU (8200): thread lifo put ---> main lifo get
2026-08-16 14:17:14,753 - twister - DEBUG - QEMU (8201):  PASS - test_lifo_thread2thread in 0.001 seconds
2026-08-16 14:17:14,753 - twister - DEBUG - QEMU (8200): 
2026-08-16 14:17:14,753 - twister - DEBUG - QEMU (8201): ===================================================================
2026-08-16 14:17:14,754 - twister - DEBUG - QEMU (8201): TESTSUITE lifo_contexts_1cpu succeeded
2026-08-16 14:17:14,754 - twister - DEBUG - QEMU (8201): Running TESTSUITE lifo_fail
2026-08-16 14:17:14,754 - twister - DEBUG - QEMU (8201): ===================================================================
2026-08-16 14:17:14,755 - twister - DEBUG - QEMU (8200): * Pass data by lifo in loop 2
2026-08-16 14:17:14,755 - twister - DEBUG - QEMU (8201): START - test_lifo_get_fail
2026-08-16 14:17:14,755 - twister - DEBUG - QEMU (8200): main lifo put ---> isr lifo get
2026-08-16 14:17:14,755 - twister - DEBUG - QEMU (8200): isr lifo put ---> thread lifo get
2026-08-16 14:17:14,755 - twister - DEBUG - QEMU (8200): thread lifo put ---> main lifo get
2026-08-16 14:17:14,755 - twister - DEBUG - QEMU (8200): 
2026-08-16 14:17:14,755 - twister - DEBUG - QEMU (8200): * Pass data by lifo in loop 3
2026-08-16 14:17:14,756 - twister - DEBUG - QEMU (8200): main lifo put ---> isr lifo get
2026-08-16 14:17:14,756 - twister - DEBUG - QEMU (8200): isr lifo put ---> thread lifo get
2026-08-16 14:17:14,756 - twister - DEBUG - QEMU (8200): thread lifo put ---> main lifo get
2026-08-16 14:17:14,756 - twister - DEBUG - QEMU (8200): 
2026-08-16 14:17:14,756 - twister - DEBUG - QEMU (8200): * Pass data by lifo in loop 4
2026-08-16 14:17:14,756 - twister - DEBUG - QEMU (8200): main lifo put ---> isr lifo get
2026-08-16 14:17:14,756 - twister - DEBUG - QEMU (8200): isr lifo put ---> thread lifo get
2026-08-16 14:17:14,757 - twister - DEBUG - QEMU (8200): thread lifo put ---> main lifo get
2026-08-16 14:17:14,757 - twister - DEBUG - QEMU (8200): 
2026-08-16 14:17:14,757 - twister - DEBUG - QEMU (8200): * Pass data by lifo in loop 5
2026-08-16 14:17:14,757 - twister - DEBUG - QEMU (8200): main lifo put ---> isr lifo get
2026-08-16 14:17:14,757 - twister - DEBUG - QEMU (8200): isr lifo put ---> thread lifo get
2026-08-16 14:17:14,757 - twister - DEBUG - QEMU (8200): thread lifo put ---> main lifo get
2026-08-16 14:17:14,757 - twister - DEBUG - QEMU (8200): 
2026-08-16 14:17:14,758 - twister - DEBUG - QEMU (8201):  PASS - test_lifo_get_fail in 0.104 seconds
2026-08-16 14:17:14,758 - twister - DEBUG - QEMU (8200): * Pass data by lifo in loop 6
2026-08-16 14:17:14,758 - twister - DEBUG - QEMU (8200): main lifo put ---> isr lifo get
2026-08-16 14:17:14,759 - twister - DEBUG - QEMU (8201): ===================================================================
2026-08-16 14:17:14,759 - twister - DEBUG - QEMU (8201): TESTSUITE lifo_fail succeeded
2026-08-16 14:17:14,759 - twister - DEBUG - QEMU (8200): isr lifo put ---> thread lifo get
2026-08-16 14:17:14,759 - twister - DEBUG - QEMU (8201): Running TESTSUITE lifo_loop
2026-08-16 14:17:14,760 - twister - DEBUG - QEMU (8201): ===================================================================
2026-08-16 14:17:14,760 - twister - DEBUG - QEMU (8201): START - test_lifo_loop
2026-08-16 14:17:14,760 - twister - DEBUG - QEMU (8201): * Pass data by lifo in loop 0
2026-08-16 14:17:14,760 - twister - DEBUG - QEMU (8200): thread lifo put ---> main lifo get
2026-08-16 14:17:14,760 - twister - DEBUG - QEMU (8200): 
2026-08-16 14:17:14,761 - twister - DEBUG - QEMU (8200): * Pass data by lifo in loop 7
2026-08-16 14:17:14,761 - twister - DEBUG - QEMU (8200): main lifo put ---> isr lifo get
2026-08-16 14:17:14,761 - twister - DEBUG - QEMU (8201): main lifo put ---> isr lifo get
2026-08-16 14:17:14,762 - twister - DEBUG - QEMU (8201): isr lifo put ---> thread lifo get
2026-08-16 14:17:14,762 - twister - DEBUG - QEMU (8201): thread lifo put ---> main lifo get
2026-08-16 14:17:14,762 - twister - DEBUG - QEMU (8201): 
2026-08-16 14:17:14,762 - twister - DEBUG - QEMU (8201): * Pass data by lifo in loop 1
2026-08-16 14:17:14,762 - twister - DEBUG - QEMU (8200): isr lifo put ---> thread lifo get
2026-08-16 14:17:14,763 - twister - DEBUG - QEMU (8200): thread lifo put ---> main lifo get
2026-08-16 14:17:14,763 - twister - DEBUG - QEMU (8200): 
2026-08-16 14:17:14,763 - twister - DEBUG - QEMU (8201): main lifo put ---> isr lifo get
2026-08-16 14:17:14,763 - twister - DEBUG - QEMU (8200): * Pass data by lifo in loop 8
2026-08-16 14:17:14,764 - twister - DEBUG - QEMU (8200): main lifo put ---> isr lifo get
2026-08-16 14:17:14,764 - twister - DEBUG - QEMU (8201): isr lifo put ---> thread lifo get
2026-08-16 14:17:14,764 - twister - DEBUG - QEMU (8201): thread lifo put ---> main lifo get
2026-08-16 14:17:14,764 - twister - DEBUG - QEMU (8201): 
2026-08-16 14:17:14,764 - twister - DEBUG - QEMU (8201): * Pass data by lifo in loop 2
2026-08-16 14:17:14,765 - twister - DEBUG - QEMU (8201): main lifo put ---> isr lifo get
2026-08-16 14:17:14,765 - twister - DEBUG - QEMU (8201): isr lifo put ---> thread lifo get
2026-08-16 14:17:14,765 - twister - DEBUG - QEMU (8201): thread lifo put ---> main lifo get
2026-08-16 14:17:14,765 - twister - DEBUG - QEMU (8201): 
2026-08-16 14:17:14,765 - twister - DEBUG - QEMU (8201): * Pass data by lifo in loop 3
2026-08-16 14:17:14,765 - twister - DEBUG - QEMU (8201): main lifo put ---> isr lifo get
2026-08-16 14:17:14,767 - twister - DEBUG - QEMU (8200): isr lifo put ---> thread lifo get
2026-08-16 14:17:14,768 - twister - DEBUG - QEMU (8200): thread lifo put ---> main lifo get
2026-08-16 14:17:14,768 - twister - DEBUG - QEMU (8200): 
2026-08-16 14:17:14,768 - twister - DEBUG - QEMU (8200): * Pass data by lifo in loop 9
2026-08-16 14:17:14,768 - twister - DEBUG - QEMU (8200): main lifo put ---> isr lifo get
2026-08-16 14:17:14,768 - twister - DEBUG - QEMU (8200): isr lifo put ---> thread lifo get
2026-08-16 14:17:14,768 - twister - DEBUG - QEMU (8200): thread lifo put ---> main lifo get
2026-08-16 14:17:14,768 - twister - DEBUG - QEMU (8200): 
2026-08-16 14:17:14,768 - twister - DEBUG - QEMU (8200): * Pass data by lifo in loop 10
2026-08-16 14:17:14,768 - twister - DEBUG - QEMU (8200): main lifo put ---> isr lifo get
2026-08-16 14:17:14,768 - twister - DEBUG - QEMU (8200): isr lifo put ---> thread lifo get
2026-08-16 14:17:14,768 - twister - DEBUG - QEMU (8200): thread lifo put ---> main lifo get
2026-08-16 14:17:14,768 - twister - DEBUG - QEMU (8200): 
2026-08-16 14:17:14,768 - twister - DEBUG - QEMU (8200): * Pass data by lifo in loop 11
2026-08-16 14:17:14,768 - twister - DEBUG - QEMU (8200): main lifo put ---> isr lifo get
2026-08-16 14:17:14,768 - twister - DEBUG - QEMU (8200): isr lifo put ---> thread lifo get
2026-08-16 14:17:14,769 - twister - DEBUG - QEMU (8200): thread lifo put ---> main lifo get
2026-08-16 14:17:14,769 - twister - DEBUG - QEMU (8200): 
2026-08-16 14:17:14,769 - twister - DEBUG - QEMU (8200): * Pass data by lifo in loop 12
2026-08-16 14:17:14,769 - twister - DEBUG - QEMU (8200): main lifo put ---> isr lifo get
2026-08-16 14:17:14,769 - twister - DEBUG - QEMU (8200): isr lifo put ---> thread lifo get
2026-08-16 14:17:14,769 - twister - DEBUG - QEMU (8200): thread lifo put ---> main lifo get
2026-08-16 14:17:14,769 - twister - DEBUG - QEMU (8200): 
2026-08-16 14:17:14,769 - twister - DEBUG - QEMU (8201): isr lifo put ---> thread lifo get
2026-08-16 14:17:14,770 - twister - DEBUG - QEMU (8201): thread lifo put ---> main lifo get
2026-08-16 14:17:14,770 - twister - DEBUG - QEMU (8200): * Pass data by lifo in loop 13
2026-08-16 14:17:14,770 - twister - DEBUG - QEMU (8201): 
2026-08-16 14:17:14,771 - twister - DEBUG - QEMU (8200): main lifo put ---> isr lifo get
2026-08-16 14:17:14,771 - twister - DEBUG - QEMU (8200): isr lifo put ---> thread lifo get
2026-08-16 14:17:14,771 - twister - DEBUG - QEMU (8200): thread lifo put ---> main lifo get
2026-08-16 14:17:14,771 - twister - DEBUG - QEMU (8200): 
2026-08-16 14:17:14,771 - twister - DEBUG - QEMU (8200): * Pass data by lifo in loop 14
2026-08-16 14:17:14,772 - twister - DEBUG - QEMU (8201): * Pass data by lifo in loop 4
2026-08-16 14:17:14,772 - twister - DEBUG - QEMU (8200): main lifo put ---> isr lifo get
2026-08-16 14:17:14,772 - twister - DEBUG - QEMU (8201): main lifo put ---> isr lifo get
2026-08-16 14:17:14,772 - twister - DEBUG - QEMU (8200): isr lifo put ---> thread lifo get
2026-08-16 14:17:14,773 - twister - DEBUG - QEMU (8201): isr lifo put ---> thread lifo get
2026-08-16 14:17:14,773 - twister - DEBUG - QEMU (8200): thread lifo put ---> main lifo get
2026-08-16 14:17:14,773 - twister - DEBUG - QEMU (8200): 
2026-08-16 14:17:14,773 - twister - DEBUG - QEMU (8201): thread lifo put ---> main lifo get
2026-08-16 14:17:14,774 - twister - DEBUG - QEMU (8201): 
2026-08-16 14:17:14,774 - twister - DEBUG - QEMU (8201): * Pass data by lifo in loop 5
2026-08-16 14:17:14,774 - twister - DEBUG - QEMU (8200): * Pass data by lifo in loop 15
2026-08-16 14:17:14,774 - twister - DEBUG - QEMU (8201): main lifo put ---> isr lifo get
2026-08-16 14:17:14,775 - twister - DEBUG - QEMU (8201): isr lifo put ---> thread lifo get
2026-08-16 14:17:14,775 - twister - DEBUG - QEMU (8201): thread lifo put ---> main lifo get
2026-08-16 14:17:14,775 - twister - DEBUG - QEMU (8201): 
2026-08-16 14:17:14,775 - twister - DEBUG - QEMU (8200): main lifo put ---> isr lifo get
2026-08-16 14:17:14,775 - twister - DEBUG - QEMU (8201): * Pass data by lifo in loop 6
2026-08-16 14:17:14,776 - twister - DEBUG - QEMU (8201): main lifo put ---> isr lifo get
2026-08-16 14:17:14,776 - twister - DEBUG - QEMU (8200): isr lifo put ---> thread lifo get
2026-08-16 14:17:14,776 - twister - DEBUG - QEMU (8201): isr lifo put ---> thread lifo get
2026-08-16 14:17:14,777 - twister - DEBUG - QEMU (8200): thread lifo put ---> main lifo get
2026-08-16 14:17:14,777 - twister - DEBUG - QEMU (8200): 
2026-08-16 14:17:14,777 - twister - DEBUG - QEMU (8201): thread lifo put ---> main lifo get
2026-08-16 14:17:14,777 - twister - DEBUG - QEMU (8200): * Pass data by lifo in loop 16
2026-08-16 14:17:14,777 - twister - DEBUG - QEMU (8201): 
2026-08-16 14:17:14,778 - twister - DEBUG - QEMU (8201): * Pass data by lifo in loop 7
2026-08-16 14:17:14,778 - twister - DEBUG - QEMU (8200): main lifo put ---> isr lifo get
2026-08-16 14:17:14,778 - twister - DEBUG - QEMU (8201): main lifo put ---> isr lifo get
2026-08-16 14:17:14,778 - twister - DEBUG - QEMU (8201): isr lifo put ---> thread lifo get
2026-08-16 14:17:14,778 - twister - DEBUG - QEMU (8201): thread lifo put ---> main lifo get
2026-08-16 14:17:14,778 - twister - DEBUG - QEMU (8201): 
2026-08-16 14:17:14,779 - twister - DEBUG - QEMU (8201): * Pass data by lifo in loop 8
2026-08-16 14:17:14,779 - twister - DEBUG - QEMU (8200): isr lifo put ---> thread lifo get
2026-08-16 14:17:14,779 - twister - DEBUG - QEMU (8201): main lifo put ---> isr lifo get
2026-08-16 14:17:14,779 - twister - DEBUG - QEMU (8201): isr lifo put ---> thread lifo get
2026-08-16 14:17:14,779 - twister - DEBUG - QEMU (8200): thread lifo put ---> main lifo get
2026-08-16 14:17:14,780 - twister - DEBUG - QEMU (8200): 
2026-08-16 14:17:14,780 - twister - DEBUG - QEMU (8200): * Pass data by lifo in loop 17
2026-08-16 14:17:14,780 - twister - DEBUG - QEMU (8201): thread lifo put ---> main lifo get
2026-08-16 14:17:14,780 - twister - DEBUG - QEMU (8201): 
2026-08-16 14:17:14,780 - twister - DEBUG - QEMU (8200): main lifo put ---> isr lifo get
2026-08-16 14:17:14,781 - twister - DEBUG - QEMU (8200): isr lifo put ---> thread lifo get
2026-08-16 14:17:14,781 - twister - DEBUG - QEMU (8201): * Pass data by lifo in loop 9
2026-08-16 14:17:14,781 - twister - DEBUG - QEMU (8201): main lifo put ---> isr lifo get
2026-08-16 14:17:14,781 - twister - DEBUG - QEMU (8200): thread lifo put ---> main lifo get
2026-08-16 14:17:14,781 - twister - DEBUG - QEMU (8200): 
2026-08-16 14:17:14,782 - twister - DEBUG - QEMU (8200): * Pass data by lifo in loop 18
2026-08-16 14:17:14,782 - twister - DEBUG - QEMU (8201): isr lifo put ---> thread lifo get
2026-08-16 14:17:14,782 - twister - DEBUG - QEMU (8200): main lifo put ---> isr lifo get
2026-08-16 14:17:14,783 - twister - DEBUG - QEMU (8201): thread lifo put ---> main lifo get
2026-08-16 14:17:14,783 - twister - DEBUG - QEMU (8201): 
2026-08-16 14:17:14,783 - twister - DEBUG - QEMU (8201): * Pass data by lifo in loop 10
2026-08-16 14:17:14,783 - twister - DEBUG - QEMU (8200): isr lifo put ---> thread lifo get
2026-08-16 14:17:14,784 - twister - DEBUG - QEMU (8201): main lifo put ---> isr lifo get
2026-08-16 14:17:14,784 - twister - DEBUG - QEMU (8200): thread lifo put ---> main lifo get
2026-08-16 14:17:14,784 - twister - DEBUG - QEMU (8200): 
2026-08-16 14:17:14,784 - twister - DEBUG - QEMU (8201): isr lifo put ---> thread lifo get
2026-08-16 14:17:14,785 - twister - DEBUG - QEMU (8200): * Pass data by lifo in loop 19
2026-08-16 14:17:14,785 - twister - DEBUG - QEMU (8200): main lifo put ---> isr lifo get
2026-08-16 14:17:14,785 - twister - DEBUG - QEMU (8201): thread lifo put ---> main lifo get
2026-08-16 14:17:14,785 - twister - DEBUG - QEMU (8201): 
2026-08-16 14:17:14,786 - twister - DEBUG - QEMU (8200): isr lifo put ---> thread lifo get
2026-08-16 14:17:14,786 - twister - DEBUG - QEMU (8201): * Pass data by lifo in loop 11
2026-08-16 14:17:14,787 - twister - DEBUG - QEMU (8201): main lifo put ---> isr lifo get
2026-08-16 14:17:14,787 - twister - DEBUG - QEMU (8200): thread lifo put ---> main lifo get
2026-08-16 14:17:14,787 - twister - DEBUG - QEMU (8200): 
2026-08-16 14:17:14,787 - twister - DEBUG - QEMU (8200): * Pass data by lifo in loop 20
2026-08-16 14:17:14,787 - twister - DEBUG - QEMU (8201): isr lifo put ---> thread lifo get
2026-08-16 14:17:14,788 - twister - DEBUG - QEMU (8200): main lifo put ---> isr lifo get
2026-08-16 14:17:14,788 - twister - DEBUG - QEMU (8200): isr lifo put ---> thread lifo get
2026-08-16 14:17:14,788 - twister - DEBUG - QEMU (8200): thread lifo put ---> main lifo get
2026-08-16 14:17:14,788 - twister - DEBUG - QEMU (8200): 
2026-08-16 14:17:14,789 - twister - DEBUG - QEMU (8201): thread lifo put ---> main lifo get
2026-08-16 14:17:14,789 - twister - DEBUG - QEMU (8201): 
2026-08-16 14:17:14,789 - twister - DEBUG - QEMU (8201): * Pass data by lifo in loop 12
2026-08-16 14:17:14,789 - twister - DEBUG - QEMU (8200): * Pass data by lifo in loop 21
2026-08-16 14:17:14,790 - twister - DEBUG - QEMU (8200): main lifo put ---> isr lifo get
2026-08-16 14:17:14,790 - twister - DEBUG - QEMU (8201): main lifo put ---> isr lifo get
2026-08-16 14:17:14,790 - twister - DEBUG - QEMU (8200): isr lifo put ---> thread lifo get
2026-08-16 14:17:14,790 - twister - DEBUG - QEMU (8201): isr lifo put ---> thread lifo get
2026-08-16 14:17:14,791 - twister - DEBUG - QEMU (8200): thread lifo put ---> main lifo get
2026-08-16 14:17:14,791 - twister - DEBUG - QEMU (8200): 
2026-08-16 14:17:14,791 - twister - DEBUG - QEMU (8200): * Pass data by lifo in loop 22
2026-08-16 14:17:14,791 - twister - DEBUG - QEMU (8201): thread lifo put ---> main lifo get
2026-08-16 14:17:14,791 - twister - DEBUG - QEMU (8201): 
2026-08-16 14:17:14,792 - twister - DEBUG - QEMU (8200): main lifo put ---> isr lifo get
2026-08-16 14:17:14,792 - twister - DEBUG - QEMU (8200): isr lifo put ---> thread lifo get
2026-08-16 14:17:14,792 - twister - DEBUG - QEMU (8201): * Pass data by lifo in loop 13
2026-08-16 14:17:14,793 - twister - DEBUG - QEMU (8200): thread lifo put ---> main lifo get
2026-08-16 14:17:14,793 - twister - DEBUG - QEMU (8200): 
2026-08-16 14:17:14,793 - twister - DEBUG - QEMU (8201): main lifo put ---> isr lifo get
2026-08-16 14:17:14,794 - twister - DEBUG - QEMU (8201): isr lifo put ---> thread lifo get
2026-08-16 14:17:14,794 - twister - DEBUG - QEMU (8200): * Pass data by lifo in loop 23
2026-08-16 14:17:14,794 - twister - DEBUG - QEMU (8201): thread lifo put ---> main lifo get
2026-08-16 14:17:14,794 - twister - DEBUG - QEMU (8201): 
2026-08-16 14:17:14,794 - twister - DEBUG - QEMU (8200): main lifo put ---> isr lifo get
2026-08-16 14:17:14,794 - twister - DEBUG - QEMU (8201): * Pass data by lifo in loop 14
2026-08-16 14:17:14,795 - twister - DEBUG - QEMU (8200): isr lifo put ---> thread lifo get
2026-08-16 14:17:14,795 - twister - DEBUG - QEMU (8201): main lifo put ---> isr lifo get
2026-08-16 14:17:14,795 - twister - DEBUG - QEMU (8200): thread lifo put ---> main lifo get
2026-08-16 14:17:14,795 - twister - DEBUG - QEMU (8200): 
2026-08-16 14:17:14,796 - twister - DEBUG - QEMU (8200): * Pass data by lifo in loop 24
2026-08-16 14:17:14,796 - twister - DEBUG - QEMU (8201): isr lifo put ---> thread lifo get
2026-08-16 14:17:14,796 - twister - DEBUG - QEMU (8200): main lifo put ---> isr lifo get
2026-08-16 14:17:14,796 - twister - DEBUG - QEMU (8201): thread lifo put ---> main lifo get
2026-08-16 14:17:14,796 - twister - DEBUG - QEMU (8201): 
2026-08-16 14:17:14,797 - twister - DEBUG - QEMU (8200): isr lifo put ---> thread lifo get
2026-08-16 14:17:14,797 - twister - DEBUG - QEMU (8201): * Pass data by lifo in loop 15
2026-08-16 14:17:14,797 - twister - DEBUG - QEMU (8200): thread lifo put ---> main lifo get
2026-08-16 14:17:14,797 - twister - DEBUG - QEMU (8200): 
2026-08-16 14:17:14,797 - twister - DEBUG - QEMU (8201): main lifo put ---> isr lifo get
2026-08-16 14:17:14,798 - twister - DEBUG - QEMU (8201): isr lifo put ---> thread lifo get
2026-08-16 14:17:14,798 - twister - DEBUG - QEMU (8200): * Pass data by lifo in loop 25
2026-08-16 14:17:14,798 - twister - DEBUG - QEMU (8201): thread lifo put ---> main lifo get
2026-08-16 14:17:14,798 - twister - DEBUG - QEMU (8200): main lifo put ---> isr lifo get
2026-08-16 14:17:14,799 - twister - DEBUG - QEMU (8201): 
2026-08-16 14:17:14,799 - twister - DEBUG - QEMU (8200): isr lifo put ---> thread lifo get
2026-08-16 14:17:14,799 - twister - DEBUG - QEMU (8201): * Pass data by lifo in loop 16
2026-08-16 14:17:14,800 - twister - DEBUG - QEMU (8201): main lifo put ---> isr lifo get
2026-08-16 14:17:14,800 - twister - DEBUG - QEMU (8200): thread lifo put ---> main lifo get
2026-08-16 14:17:14,800 - twister - DEBUG - QEMU (8200): 
2026-08-16 14:17:14,800 - twister - DEBUG - QEMU (8200): * Pass data by lifo in loop 26
2026-08-16 14:17:14,801 - twister - DEBUG - QEMU (8201): isr lifo put ---> thread lifo get
2026-08-16 14:17:14,801 - twister - DEBUG - QEMU (8200): main lifo put ---> isr lifo get
2026-08-16 14:17:14,801 - twister - DEBUG - QEMU (8201): thread lifo put ---> main lifo get
2026-08-16 14:17:14,801 - twister - DEBUG - QEMU (8201): 
2026-08-16 14:17:14,802 - twister - DEBUG - QEMU (8200): isr lifo put ---> thread lifo get
2026-08-16 14:17:14,802 - twister - DEBUG - QEMU (8201): * Pass data by lifo in loop 17
2026-08-16 14:17:14,802 - twister - DEBUG - QEMU (8200): thread lifo put ---> main lifo get
2026-08-16 14:17:14,802 - twister - DEBUG - QEMU (8200): 
2026-08-16 14:17:14,803 - twister - DEBUG - QEMU (8201): main lifo put ---> isr lifo get
2026-08-16 14:17:14,803 - twister - DEBUG - QEMU (8200): * Pass data by lifo in loop 27
2026-08-16 14:17:14,805 - twister - DEBUG - QEMU (8200): main lifo put ---> isr lifo get
2026-08-16 14:17:14,804 - twister - DEBUG - QEMU (8201): isr lifo put ---> thread lifo get
2026-08-16 14:17:14,805 - twister - DEBUG - QEMU (8201): thread lifo put ---> main lifo get
2026-08-16 14:17:14,805 - twister - DEBUG - QEMU (8200): isr lifo put ---> thread lifo get
2026-08-16 14:17:14,805 - twister - DEBUG - QEMU (8201): 
2026-08-16 14:17:14,806 - twister - DEBUG - QEMU (8201): * Pass data by lifo in loop 18
2026-08-16 14:17:14,806 - twister - DEBUG - QEMU (8200): thread lifo put ---> main lifo get
2026-08-16 14:17:14,807 - twister - DEBUG - QEMU (8201): main lifo put ---> isr lifo get
2026-08-16 14:17:14,807 - twister - DEBUG - QEMU (8200): 
2026-08-16 14:17:14,807 - twister - DEBUG - QEMU (8200): * Pass data by lifo in loop 28
2026-08-16 14:17:14,808 - twister - DEBUG - QEMU (8200): main lifo put ---> isr lifo get
2026-08-16 14:17:14,808 - twister - DEBUG - QEMU (8200): isr lifo put ---> thread lifo get
2026-08-16 14:17:14,808 - twister - DEBUG - QEMU (8201): isr lifo put ---> thread lifo get
2026-08-16 14:17:14,809 - twister - DEBUG - QEMU (8200): thread lifo put ---> main lifo get
2026-08-16 14:17:14,809 - twister - DEBUG - QEMU (8200): 
2026-08-16 14:17:14,809 - twister - DEBUG - QEMU (8200): * Pass data by lifo in loop 29
2026-08-16 14:17:14,809 - twister - DEBUG - QEMU (8200): main lifo put ---> isr lifo get
2026-08-16 14:17:14,809 - twister - DEBUG - QEMU (8200): isr lifo put ---> thread lifo get
2026-08-16 14:17:14,809 - twister - DEBUG - QEMU (8200): thread lifo put ---> main lifo get
2026-08-16 14:17:14,809 - twister - DEBUG - QEMU (8200): 
2026-08-16 14:17:14,810 - twister - DEBUG - QEMU (8200): * Pass data by lifo in loop 30
2026-08-16 14:17:14,810 - twister - DEBUG - QEMU (8200): main lifo put ---> isr lifo get
2026-08-16 14:17:14,810 - twister - DEBUG - QEMU (8201): thread lifo put ---> main lifo get
2026-08-16 14:17:14,810 - twister - DEBUG - QEMU (8201): 
2026-08-16 14:17:14,811 - twister - DEBUG - QEMU (8201): * Pass data by lifo in loop 19
2026-08-16 14:17:14,811 - twister - DEBUG - QEMU (8200): isr lifo put ---> thread lifo get
2026-08-16 14:17:14,811 - twister - DEBUG - QEMU (8201): main lifo put ---> isr lifo get
2026-08-16 14:17:14,811 - twister - DEBUG - QEMU (8200): thread lifo put ---> main lifo get
2026-08-16 14:17:14,812 - twister - DEBUG - QEMU (8200): 
2026-08-16 14:17:14,812 - twister - DEBUG - QEMU (8201): isr lifo put ---> thread lifo get
2026-08-16 14:17:14,812 - twister - DEBUG - QEMU (8200): * Pass data by lifo in loop 31
2026-08-16 14:17:14,812 - twister - DEBUG - QEMU (8201): thread lifo put ---> main lifo get
2026-08-16 14:17:14,812 - twister - DEBUG - QEMU (8201): 
2026-08-16 14:17:14,813 - twister - DEBUG - QEMU (8200): main lifo put ---> isr lifo get
2026-08-16 14:17:14,813 - twister - DEBUG - QEMU (8201): * Pass data by lifo in loop 20
2026-08-16 14:17:14,813 - twister - DEBUG - QEMU (8200): isr lifo put ---> thread lifo get
2026-08-16 14:17:14,814 - twister - DEBUG - QEMU (8200): thread lifo put ---> main lifo get
2026-08-16 14:17:14,814 - twister - DEBUG - QEMU (8200): 
2026-08-16 14:17:14,814 - twister - DEBUG - QEMU (8201): main lifo put ---> isr lifo get
2026-08-16 14:17:14,814 - twister - DEBUG - QEMU (8201): isr lifo put ---> thread lifo get
2026-08-16 14:17:14,814 - twister - DEBUG - QEMU (8201): thread lifo put ---> main lifo get
2026-08-16 14:17:14,815 - twister - DEBUG - QEMU (8201): 
2026-08-16 14:17:14,815 - twister - DEBUG - QEMU (8200):  PASS - test_lifo_loop in 0.037 seconds
2026-08-16 14:17:14,815 - twister - DEBUG - QEMU (8201): * Pass data by lifo in loop 21
2026-08-16 14:17:14,816 - twister - DEBUG - QEMU (8201): main lifo put ---> isr lifo get
2026-08-16 14:17:14,816 - twister - DEBUG - QEMU (8201): isr lifo put ---> thread lifo get
2026-08-16 14:17:14,816 - twister - DEBUG - QEMU (8200): ===================================================================
2026-08-16 14:17:14,817 - twister - DEBUG - QEMU (8200): TESTSUITE lifo_loop succeeded
2026-08-16 14:17:14,817 - twister - DEBUG - QEMU (8200): 
2026-08-16 14:17:14,817 - twister - DEBUG - QEMU (8201): thread lifo put ---> main lifo get
2026-08-16 14:17:14,817 - twister - DEBUG - QEMU (8201): 
2026-08-16 14:17:14,817 - twister - DEBUG - QEMU (8201): * Pass data by lifo in loop 22
2026-08-16 14:17:14,817 - twister - DEBUG - QEMU (8201): main lifo put ---> isr lifo get
2026-08-16 14:17:14,818 - twister - DEBUG - QEMU (8200): ------ TESTSUITE SUMMARY START ------
2026-08-16 14:17:14,818 - twister - DEBUG - QEMU (8200): 
2026-08-16 14:17:14,818 - twister - DEBUG - QEMU (8201): isr lifo put ---> thread lifo get
2026-08-16 14:17:14,818 - twister - DEBUG - QEMU (8201): thread lifo put ---> main lifo get
2026-08-16 14:17:14,818 - twister - DEBUG - QEMU (8201): 
2026-08-16 14:17:14,819 - twister - DEBUG - QEMU (8201): * Pass data by lifo in loop 23
2026-08-16 14:17:14,819 - twister - DEBUG - QEMU (8201): main lifo put ---> isr lifo get
2026-08-16 14:17:14,819 - twister - DEBUG - QEMU (8201): isr lifo put ---> thread lifo get
2026-08-16 14:17:14,819 - twister - DEBUG - QEMU (8201): thread lifo put ---> main lifo get
2026-08-16 14:17:14,819 - twister - DEBUG - QEMU (8201): 
2026-08-16 14:17:14,820 - twister - DEBUG - QEMU (8201): * Pass data by lifo in loop 24
2026-08-16 14:17:14,820 - twister - DEBUG - QEMU (8201): main lifo put ---> isr lifo get
2026-08-16 14:17:14,820 - twister - DEBUG - QEMU (8200): SUITE PASS - 100.00% [lifo_contexts]: pass = 3, fail = 0, skip = 0, total = 3 duration = 0.003 seconds
2026-08-16 14:17:14,821 - twister - DEBUG - QEMU (8201): isr lifo put ---> thread lifo get
2026-08-16 14:17:14,821 - twister - DEBUG - QEMU (8201): thread lifo put ---> main lifo get
2026-08-16 14:17:14,821 - twister - DEBUG - QEMU (8201): 
2026-08-16 14:17:14,821 - twister - DEBUG - QEMU (8201): * Pass data by lifo in loop 25
2026-08-16 14:17:14,821 - twister - DEBUG - QEMU (8200):  - PASS - [lifo_contexts.test_lifo_alloc_put] duration = 0.001 seconds
2026-08-16 14:17:14,822 - twister - DEBUG - QEMU (8201): main lifo put ---> isr lifo get
2026-08-16 14:17:14,822 - twister - DEBUG - QEMU (8201): isr lifo put ---> thread lifo get
2026-08-16 14:17:14,822 - twister - DEBUG - QEMU (8201): thread lifo put ---> main lifo get
2026-08-16 14:17:14,823 - twister - DEBUG - QEMU (8201): 
2026-08-16 14:17:14,823 - twister - DEBUG - QEMU (8201): * Pass data by lifo in loop 26
2026-08-16 14:17:14,823 - twister - DEBUG - QEMU (8200):  - PASS - [lifo_contexts.test_lifo_isr2thread] duration = 0.001 seconds
2026-08-16 14:17:14,823 - twister - DEBUG - QEMU (8201): main lifo put ---> isr lifo get
2026-08-16 14:17:14,824 - twister - DEBUG - QEMU (8201): isr lifo put ---> thread lifo get
2026-08-16 14:17:14,824 - twister - DEBUG - QEMU (8201): thread lifo put ---> main lifo get
2026-08-16 14:17:14,824 - twister - DEBUG - QEMU (8201): 
2026-08-16 14:17:14,824 - twister - DEBUG - QEMU (8200):  - PASS - [lifo_contexts.test_lifo_thread2isr] duration = 0.001 seconds
2026-08-16 14:17:14,824 - twister - DEBUG - QEMU (8200): 
2026-08-16 14:17:14,825 - twister - DEBUG - QEMU (8201): * Pass data by lifo in loop 27
2026-08-16 14:17:14,825 - twister - DEBUG - QEMU (8201): main lifo put ---> isr lifo get
2026-08-16 14:17:14,826 - twister - DEBUG - QEMU (8201): isr lifo put ---> thread lifo get
2026-08-16 14:17:14,826 - twister - DEBUG - QEMU (8201): thread lifo put ---> main lifo get
2026-08-16 14:17:14,826 - twister - DEBUG - QEMU (8201): 
2026-08-16 14:17:14,826 - twister - DEBUG - QEMU (8200): SUITE PASS - 100.00% [lifo_contexts_1cpu]: pass = 1, fail = 0, skip = 0, total = 1 duration = 0.001 seconds
2026-08-16 14:17:14,827 - twister - DEBUG - QEMU (8201): * Pass data by lifo in loop 28
2026-08-16 14:17:14,827 - twister - DEBUG - QEMU (8201): main lifo put ---> isr lifo get
2026-08-16 14:17:14,827 - twister - DEBUG - QEMU (8201): isr lifo put ---> thread lifo get
2026-08-16 14:17:14,828 - twister - DEBUG - QEMU (8201): thread lifo put ---> main lifo get
2026-08-16 14:17:14,828 - twister - DEBUG - QEMU (8201): 
2026-08-16 14:17:14,828 - twister - DEBUG - QEMU (8200):  - PASS - [lifo_contexts_1cpu.test_lifo_thread2thread] duration = 0.001 seconds
2026-08-16 14:17:14,828 - twister - DEBUG - QEMU (8201): * Pass data by lifo in loop 29
2026-08-16 14:17:14,828 - twister - DEBUG - QEMU (8200): 
2026-08-16 14:17:14,829 - twister - DEBUG - QEMU (8201): main lifo put ---> isr lifo get
2026-08-16 14:17:14,829 - twister - DEBUG - QEMU (8201): isr lifo put ---> thread lifo get
2026-08-16 14:17:14,829 - twister - DEBUG - QEMU (8201): thread lifo put ---> main lifo get
2026-08-16 14:17:14,829 - twister - DEBUG - QEMU (8201): 
2026-08-16 14:17:14,830 - twister - DEBUG - QEMU (8201): * Pass data by lifo in loop 30
2026-08-16 14:17:14,830 - twister - DEBUG - QEMU (8200): SUITE PASS - 100.00% [lifo_fail]: pass = 1, fail = 0, skip = 0, total = 1 duration = 0.104 seconds
2026-08-16 14:17:14,830 - twister - DEBUG - QEMU (8201): main lifo put ---> isr lifo get
2026-08-16 14:17:14,830 - twister - DEBUG - QEMU (8201): isr lifo put ---> thread lifo get
2026-08-16 14:17:14,831 - twister - DEBUG - QEMU (8200):  - PASS - [lifo_fail.test_lifo_get_fail] duration = 0.104 seconds
2026-08-16 14:17:14,831 - twister - DEBUG - QEMU (8200): 
2026-08-16 14:17:14,831 - twister - DEBUG - QEMU (8201): thread lifo put ---> main lifo get
2026-08-16 14:17:14,831 - twister - DEBUG - QEMU (8201): 
2026-08-16 14:17:14,832 - twister - DEBUG - QEMU (8201): * Pass data by lifo in loop 31
2026-08-16 14:17:14,832 - twister - DEBUG - QEMU (8201): main lifo put ---> isr lifo get
2026-08-16 14:17:14,832 - twister - DEBUG - QEMU (8201): isr lifo put ---> thread lifo get
2026-08-16 14:17:14,833 - twister - DEBUG - QEMU (8201): thread lifo put ---> main lifo get
2026-08-16 14:17:14,833 - twister - DEBUG - QEMU (8201): 
2026-08-16 14:17:14,833 - twister - DEBUG - QEMU (8200): SUITE PASS - 100.00% [lifo_loop]: pass = 1, fail = 0, skip = 0, total = 1 duration = 0.037 seconds
2026-08-16 14:17:14,833 - twister - DEBUG - QEMU (8201):  PASS - test_lifo_loop in 0.037 seconds
2026-08-16 14:17:14,834 - twister - DEBUG - QEMU (8201): ===================================================================
2026-08-16 14:17:14,834 - twister - DEBUG - QEMU (8201): TESTSUITE lifo_loop succeeded
2026-08-16 14:17:14,835 - twister - DEBUG - QEMU (8201): 
2026-08-16 14:17:14,835 - twister - DEBUG - QEMU (8200):  - PASS - [lifo_loop.test_lifo_loop] duration = 0.037 seconds
2026-08-16 14:17:14,835 - twister - DEBUG - QEMU (8201): ------ TESTSUITE SUMMARY START ------
2026-08-16 14:17:14,836 - twister - DEBUG - QEMU (8201): 
2026-08-16 14:17:14,837 - twister - DEBUG - QEMU (8201): SUITE PASS - 100.00% [lifo_contexts]: pass = 3, fail = 0, skip = 0, total = 3 duration = 0.003 seconds
2026-08-16 14:17:14,837 - twister - DEBUG - QEMU (8201):  - PASS - [lifo_contexts.test_lifo_alloc_put] duration = 0.001 seconds
2026-08-16 14:17:14,837 - twister - DEBUG - QEMU (8201):  - PASS - [lifo_contexts.test_lifo_isr2thread] duration = 0.001 seconds
2026-08-16 14:17:14,837 - twister - DEBUG - QEMU (8201):  - PASS - [lifo_contexts.test_lifo_thread2isr] duration = 0.001 seconds
2026-08-16 14:17:14,837 - twister - DEBUG - QEMU (8201): 
2026-08-16 14:17:14,838 - twister - DEBUG - QEMU (8200): 
2026-08-16 14:17:14,838 - twister - DEBUG - QEMU (8201): SUITE PASS - 100.00% [lifo_contexts_1cpu]: pass = 1, fail = 0, skip = 0, total = 1 duration = 0.001 seconds
2026-08-16 14:17:14,839 - twister - DEBUG - QEMU (8200): ------ TESTSUITE SUMMARY END ------
2026-08-16 14:17:14,839 - twister - DEBUG - QEMU (8200): 
2026-08-16 14:17:14,839 - twister - DEBUG - QEMU (8201):  - PASS - [lifo_contexts_1cpu.test_lifo_thread2thread] duration = 0.001 seconds
2026-08-16 14:17:14,839 - twister - DEBUG - QEMU (8201): 
2026-08-16 14:17:14,840 - twister - DEBUG - QEMU (8200): ===================================================================
2026-08-16 14:17:14,840 - twister - DEBUG - QEMU (8201): SUITE PASS - 100.00% [lifo_fail]: pass = 1, fail = 0, skip = 0, total = 1 duration = 0.104 seconds
2026-08-16 14:17:14,841 - twister - DEBUG - QEMU (8200): RunID: cc7ac0148132bef1de20a97d1e059858
2026-08-16 14:17:14,841 - twister - DEBUG - QEMU (8200): PROJECT EXECUTION SUCCESSFUL
2026-08-16 14:17:14,841 - twister - DEBUG - QEMU (8201):  - PASS - [lifo_fail.test_lifo_get_fail] duration = 0.104 seconds
2026-08-16 14:17:14,841 - twister - DEBUG - QEMU (8201): 
2026-08-16 14:17:14,842 - twister - DEBUG - QEMU (8201): SUITE PASS - 100.00% [lifo_loop]: pass = 1, fail = 0, skip = 0, total = 1 duration = 0.037 seconds
2026-08-16 14:17:14,842 - twister - DEBUG - QEMU (8201):  - PASS - [lifo_loop.test_lifo_loop] duration = 0.037 seconds
2026-08-16 14:17:14,842 - twister - DEBUG - QEMU (8201): 
2026-08-16 14:17:14,842 - twister - DEBUG - QEMU (8201): ------ TESTSUITE SUMMARY END ------
2026-08-16 14:17:14,842 - twister - DEBUG - QEMU (8201): 
2026-08-16 14:17:14,842 - twister - DEBUG - QEMU (8201): ===================================================================
2026-08-16 14:17:14,842 - twister - DEBUG - QEMU (8201): RunID: be35ec16a2475f48f87654e39d02e46c
2026-08-16 14:17:14,842 - twister - DEBUG - QEMU (8201): PROJECT EXECUTION SUCCESSFUL
2026-08-16 14:17:15,843 - twister - DEBUG - QEMU (8200) complete with passed (None) after 1.5645039081573486 seconds
2026-08-16 14:17:15,844 - twister - DEBUG - QEMU (8201) complete with passed (None) after 1.5421199798583984 seconds
2026-08-16 14:17:15,902 - twister - DEBUG - No timeout, return code from QEMU (None): 0
2026-08-16 14:17:15,902 - twister - DEBUG - return code from QEMU (None): 0
2026-08-16 14:17:15,902 - twister - DEBUG - Expected suite names:['lifo_loop', 'lifo_fail', 'lifo_contexts_1cpu', 'lifo_contexts']
2026-08-16 14:17:15,902 - twister - DEBUG - Detected suite names:['lifo_contexts', 'lifo_contexts_1cpu', 'lifo_fail', 'lifo_loop']
2026-08-16 14:17:15,902 - twister - DEBUG - run status: qemu_m68k/qemu_virt_m68k_m68000/zephyr/gnu/kernel.lifo passed
2026-08-16 14:17:15,902 - twister - DEBUG - Running cmake on /workspace/scratch/5c70f00d8d01/preview-ws/zephyr/tests/kernel/fifo/fifo_usage for qemu_m68k/qemu_virt_m68k_m68010
2026-08-16 14:17:15,903 - twister - DEBUG - Calling cmake: /workspace/scratch/5c70f00d8d01/zephyr-venv/lib/python3.12/site-packages/bin/cmake -B/workspace/scratch/1b6e38f66c85/kqueue-ab-final/patched/qemu_m68k_qemu_virt_m68k_m68010/zephyr_gnu/tests/kernel/fifo/fifo_usage/kernel.fifo.usage -DTC_RUNID=eb6a60213d97c5b11ced13707c65a1ff -DTC_NAME=kernel.fifo.usage -DCONFIG_COMPILER_WARNINGS_AS_ERRORS=y -DEXTRA_GEN_EDT_ARGS=--edtlib-Werror -GNinja -DPython3_EXECUTABLE=/workspace/scratch/5c70f00d8d01/zephyr-venv/bin/python -DZEPHYR_TOOLCHAIN_VARIANT=zephyr/gnu -S/workspace/scratch/5c70f00d8d01/preview-ws/zephyr/tests/kernel/fifo/fifo_usage -DQEMU_PIPE=/workspace/scratch/1b6e38f66c85/kqueue-ab-final/patched/qemu_m68k_qemu_virt_m68k_m68010/zephyr_gnu/tests/kernel/fifo/fifo_usage/kernel.fifo.usage/qemu-fifo -DBOARD=qemu_m68k/qemu_virt_m68k_m68010
2026-08-16 14:17:15,910 - twister - DEBUG - No timeout, return code from QEMU (None): 0
2026-08-16 14:17:15,910 - twister - DEBUG - return code from QEMU (None): 0
2026-08-16 14:17:15,910 - twister - DEBUG - Expected suite names:['lifo_loop', 'lifo_fail', 'lifo_contexts_1cpu', 'lifo_contexts']
2026-08-16 14:17:15,910 - twister - DEBUG - Detected suite names:['lifo_contexts', 'lifo_contexts_1cpu', 'lifo_fail', 'lifo_loop']
2026-08-16 14:17:15,910 - twister - DEBUG - run status: qemu_m68k/qemu_virt_m68k_m68010/zephyr/gnu/kernel.lifo passed
2026-08-16 14:17:15,910 - twister - DEBUG - Running cmake on /workspace/scratch/5c70f00d8d01/preview-ws/zephyr/tests/kernel/fifo/fifo_usage for qemu_m68k/qemu_virt_m68k_m68000
2026-08-16 14:17:15,910 - twister - DEBUG - Calling cmake: /workspace/scratch/5c70f00d8d01/zephyr-venv/lib/python3.12/site-packages/bin/cmake -B/workspace/scratch/1b6e38f66c85/kqueue-ab-final/patched/qemu_m68k_qemu_virt_m68k_m68000/zephyr_gnu/tests/kernel/fifo/fifo_usage/kernel.fifo.usage -DTC_RUNID=f8d6a51676fcb3cd7ad40ef6fd2f9f68 -DTC_NAME=kernel.fifo.usage -DCONFIG_COMPILER_WARNINGS_AS_ERRORS=y -DEXTRA_GEN_EDT_ARGS=--edtlib-Werror -GNinja -DPython3_EXECUTABLE=/workspace/scratch/5c70f00d8d01/zephyr-venv/bin/python -DZEPHYR_TOOLCHAIN_VARIANT=zephyr/gnu -S/workspace/scratch/5c70f00d8d01/preview-ws/zephyr/tests/kernel/fifo/fifo_usage -DQEMU_PIPE=/workspace/scratch/1b6e38f66c85/kqueue-ab-final/patched/qemu_m68k_qemu_virt_m68k_m68000/zephyr_gnu/tests/kernel/fifo/fifo_usage/kernel.fifo.usage/qemu-fifo -DBOARD=qemu_m68k/qemu_virt_m68k_m68000
2026-08-16 14:17:23,517 - twister - DEBUG - Finished building /workspace/scratch/5c70f00d8d01/preview-ws/zephyr/tests/kernel/lifo/lifo_usage for qemu_m68k/qemu_virt_m68k_m68010 in 76.67 seconds
2026-08-16 14:17:23,517 - twister - DEBUG - Determine test cases for test instance: qemu_m68k/qemu_virt_m68k_m68010/zephyr/gnu/kernel.lifo.usage
2026-08-16 14:17:23,517 - twister - DEBUG - Determine test cases for test suite: kernel.lifo.usage
2026-08-16 14:17:23,559 - twister - DEBUG - Test instance qemu_m68k/qemu_virt_m68k_m68010/zephyr/gnu/kernel.lifo.usage already has 6 testcase(s) known: [<TestCase kernel.lifo.usage.lifo_usage_1cpu.timeout_lifo_thread with None>, <TestCase kernel.lifo.usage.lifo_usage_1cpu.timeout_threads_pend_on_lifo with None>, <TestCase kernel.lifo.usage.lifo_usage.timeout_non_empty_lifo with None>, <TestCase kernel.lifo.usage.lifo_usage_1cpu.timeout_empty_lifo with None>, <TestCase kernel.lifo.usage.lifo_usage_1cpu.lifo_wait with None>, <TestCase kernel.lifo.usage.lifo_usage_1cpu.lifo_nowait with None>]
2026-08-16 14:17:23,560 - twister - DEBUG - Detected 6 Ztest case(s): [kernel.lifo.usage.lifo_usage_1cpu.timeout_threads_pend_on_lifo, kernel.lifo.usage.lifo_usage_1cpu.timeout_lifo_thread, kernel.lifo.usage.lifo_usage.timeout_non_empty_lifo, kernel.lifo.usage.lifo_usage_1cpu.timeout_empty_lifo, kernel.lifo.usage.lifo_usage_1cpu.lifo_wait, kernel.lifo.usage.lifo_usage_1cpu.lifo_nowait] in /workspace/scratch/1b6e38f66c85/kqueue-ab-final/patched/qemu_m68k_qemu_virt_m68k_m68010/zephyr_gnu/tests/kernel/lifo/lifo_usage/kernel.lifo.usage/zephyr/zephyr.elf
2026-08-16 14:17:23,560 - twister - DEBUG - run test: qemu_m68k/qemu_virt_m68k_m68010/zephyr/gnu/kernel.lifo.usage
2026-08-16 14:17:23,560 - twister - DEBUG - Reset instance status from 'passed' to None before run.
2026-08-16 14:17:23,560 - twister - DEBUG - Spawning QEMUHandler Thread for qemu_m68k/qemu_virt_m68k_m68010/zephyr/gnu/kernel.lifo.usage
2026-08-16 14:17:23,561 - twister - DEBUG - Running qemu_m68k/qemu_virt_m68k_m68010/zephyr/gnu/kernel.lifo.usage (qemu)
2026-08-16 14:17:23,564 - twister - DEBUG - Spawning QEMUHandler Thread for qemu_m68k/qemu_virt_m68k_m68010/zephyr/gnu/kernel.lifo.usage
2026-08-16 14:17:24,089 - twister - DEBUG - QEMU (8579): *** Booting Zephyr OS build 4.4.99 ***
2026-08-16 14:17:24,091 - twister - DEBUG - QEMU (8579): Running TESTSUITE lifo_usage
2026-08-16 14:17:24,093 - twister - DEBUG - QEMU (8579): ===================================================================
2026-08-16 14:17:24,094 - twister - DEBUG - QEMU (8579): START - test_timeout_non_empty_lifo
2026-08-16 14:17:24,098 - twister - DEBUG - QEMU (8579):  PASS - test_timeout_non_empty_lifo in 0.001 seconds
2026-08-16 14:17:24,099 - twister - DEBUG - QEMU (8579): ===================================================================
2026-08-16 14:17:24,104 - twister - DEBUG - QEMU (8579): TESTSUITE lifo_usage succeeded
2026-08-16 14:17:24,105 - twister - DEBUG - QEMU (8579): Running TESTSUITE lifo_usage_1cpu
2026-08-16 14:17:24,105 - twister - DEBUG - QEMU (8579): ===================================================================
2026-08-16 14:17:24,105 - twister - DEBUG - QEMU (8579): START - test_lifo_nowait
2026-08-16 14:17:24,109 - twister - DEBUG - QEMU (8579):  PASS - test_lifo_nowait in 0.001 seconds
2026-08-16 14:17:24,110 - twister - DEBUG - QEMU (8579): ===================================================================
2026-08-16 14:17:24,111 - twister - DEBUG - QEMU (8579): START - test_lifo_wait
2026-08-16 14:17:24,115 - twister - DEBUG - QEMU (8579):  PASS - test_lifo_wait in 0.001 seconds
2026-08-16 14:17:24,117 - twister - DEBUG - QEMU (8579): ===================================================================
2026-08-16 14:17:24,118 - twister - DEBUG - QEMU (8579): START - test_timeout_empty_lifo
2026-08-16 14:17:24,125 - twister - DEBUG - QEMU (8579):  PASS - test_timeout_empty_lifo in 0.106 seconds
2026-08-16 14:17:24,126 - twister - DEBUG - QEMU (8579): ===================================================================
2026-08-16 14:17:24,127 - twister - DEBUG - QEMU (8579): START - test_timeout_lifo_thread
2026-08-16 14:17:24,129 - twister - DEBUG - QEMU (8579):  PASS - test_timeout_lifo_thread in 0.020 seconds
2026-08-16 14:17:24,130 - twister - DEBUG - QEMU (8579): ===================================================================
2026-08-16 14:17:24,131 - twister - DEBUG - QEMU (8579): START - test_timeout_threads_pend_on_lifo
2026-08-16 14:17:24,131 - twister - DEBUG - QEMU (8579):  thread (q order: 2, t/o: 0, lifo 0xbefa)
2026-08-16 14:17:24,134 - twister - DEBUG - QEMU (8579):  thread (q order: 3, t/o: 100, lifo 0xbefa)
2026-08-16 14:17:24,135 - twister - DEBUG - QEMU (8579):  thread (q order: 0, t/o: 200, lifo 0xbefa)
2026-08-16 14:17:24,136 - twister - DEBUG - QEMU (8579):  thread (q order: 4, t/o: 300, lifo 0xbefa)
2026-08-16 14:17:24,137 - twister - DEBUG - QEMU (8579):  thread (q order: 1, t/o: 400, lifo 0xbefa)
2026-08-16 14:17:24,137 - twister - DEBUG - QEMU (8579):  PASS - test_timeout_threads_pend_on_lifo in 0.410 seconds
2026-08-16 14:17:24,137 - twister - DEBUG - QEMU (8579): ===================================================================
2026-08-16 14:17:24,137 - twister - DEBUG - QEMU (8579): TESTSUITE lifo_usage_1cpu succeeded
2026-08-16 14:17:24,137 - twister - DEBUG - QEMU (8579): 
2026-08-16 14:17:24,138 - twister - DEBUG - QEMU (8579): ------ TESTSUITE SUMMARY START ------
2026-08-16 14:17:24,138 - twister - DEBUG - QEMU (8579): 
2026-08-16 14:17:24,138 - twister - DEBUG - QEMU (8579): SUITE PASS - 100.00% [lifo_usage]: pass = 1, fail = 0, skip = 0, total = 1 duration = 0.001 seconds
2026-08-16 14:17:24,138 - twister - DEBUG - QEMU (8579):  - PASS - [lifo_usage.test_timeout_non_empty_lifo] duration = 0.001 seconds
2026-08-16 14:17:24,138 - twister - DEBUG - QEMU (8579): 
2026-08-16 14:17:24,139 - twister - DEBUG - QEMU (8579): SUITE PASS - 100.00% [lifo_usage_1cpu]: pass = 5, fail = 0, skip = 0, total = 5 duration = 0.538 seconds
2026-08-16 14:17:24,139 - twister - DEBUG - QEMU (8579):  - PASS - [lifo_usage_1cpu.test_lifo_nowait] duration = 0.001 seconds
2026-08-16 14:17:24,139 - twister - DEBUG - QEMU (8579):  - PASS - [lifo_usage_1cpu.test_lifo_wait] duration = 0.001 seconds
2026-08-16 14:17:24,139 - twister - DEBUG - QEMU (8579):  - PASS - [lifo_usage_1cpu.test_timeout_empty_lifo] duration = 0.106 seconds
2026-08-16 14:17:24,139 - twister - DEBUG - QEMU (8579):  - PASS - [lifo_usage_1cpu.test_timeout_lifo_thread] duration = 0.020 seconds
2026-08-16 14:17:24,139 - twister - DEBUG - QEMU (8579):  - PASS - [lifo_usage_1cpu.test_timeout_threads_pend_on_lifo] duration = 0.410 seconds
2026-08-16 14:17:24,139 - twister - DEBUG - QEMU (8579): 
2026-08-16 14:17:24,139 - twister - DEBUG - QEMU (8579): ------ TESTSUITE SUMMARY END ------
2026-08-16 14:17:24,139 - twister - DEBUG - QEMU (8579): 
2026-08-16 14:17:24,140 - twister - DEBUG - QEMU (8579): ===================================================================
2026-08-16 14:17:24,140 - twister - DEBUG - QEMU (8579): RunID: 9d73de2c032169e46c8af52982438c2e
2026-08-16 14:17:24,140 - twister - DEBUG - QEMU (8579): PROJECT EXECUTION SUCCESSFUL
2026-08-16 14:17:24,394 - twister - DEBUG - Finished building /workspace/scratch/5c70f00d8d01/preview-ws/zephyr/tests/kernel/lifo/lifo_usage for qemu_m68k/qemu_virt_m68k_m68000 in 76.13 seconds
2026-08-16 14:17:24,394 - twister - DEBUG - Determine test cases for test instance: qemu_m68k/qemu_virt_m68k_m68000/zephyr/gnu/kernel.lifo.usage
2026-08-16 14:17:24,394 - twister - DEBUG - Determine test cases for test suite: kernel.lifo.usage
2026-08-16 14:17:24,423 - twister - DEBUG - Test instance qemu_m68k/qemu_virt_m68k_m68000/zephyr/gnu/kernel.lifo.usage already has 6 testcase(s) known: [<TestCase kernel.lifo.usage.lifo_usage_1cpu.timeout_lifo_thread with None>, <TestCase kernel.lifo.usage.lifo_usage_1cpu.timeout_threads_pend_on_lifo with None>, <TestCase kernel.lifo.usage.lifo_usage.timeout_non_empty_lifo with None>, <TestCase kernel.lifo.usage.lifo_usage_1cpu.timeout_empty_lifo with None>, <TestCase kernel.lifo.usage.lifo_usage_1cpu.lifo_wait with None>, <TestCase kernel.lifo.usage.lifo_usage_1cpu.lifo_nowait with None>]
2026-08-16 14:17:24,423 - twister - DEBUG - Detected 6 Ztest case(s): [kernel.lifo.usage.lifo_usage_1cpu.timeout_threads_pend_on_lifo, kernel.lifo.usage.lifo_usage_1cpu.timeout_lifo_thread, kernel.lifo.usage.lifo_usage.timeout_non_empty_lifo, kernel.lifo.usage.lifo_usage_1cpu.timeout_empty_lifo, kernel.lifo.usage.lifo_usage_1cpu.lifo_wait, kernel.lifo.usage.lifo_usage_1cpu.lifo_nowait] in /workspace/scratch/1b6e38f66c85/kqueue-ab-final/patched/qemu_m68k_qemu_virt_m68k_m68000/zephyr_gnu/tests/kernel/lifo/lifo_usage/kernel.lifo.usage/zephyr/zephyr.elf
2026-08-16 14:17:24,423 - twister - DEBUG - run test: qemu_m68k/qemu_virt_m68k_m68000/zephyr/gnu/kernel.lifo.usage
2026-08-16 14:17:24,423 - twister - DEBUG - Reset instance status from 'passed' to None before run.
2026-08-16 14:17:24,423 - twister - DEBUG - Spawning QEMUHandler Thread for qemu_m68k/qemu_virt_m68k_m68000/zephyr/gnu/kernel.lifo.usage
2026-08-16 14:17:24,424 - twister - DEBUG - Running qemu_m68k/qemu_virt_m68k_m68000/zephyr/gnu/kernel.lifo.usage (qemu)
2026-08-16 14:17:24,425 - twister - DEBUG - Spawning QEMUHandler Thread for qemu_m68k/qemu_virt_m68k_m68000/zephyr/gnu/kernel.lifo.usage
2026-08-16 14:17:24,897 - twister - DEBUG - QEMU (8596): *** Booting Zephyr OS build 4.4.99 ***
2026-08-16 14:17:24,901 - twister - DEBUG - QEMU (8596): Running TESTSUITE lifo_usage
2026-08-16 14:17:24,901 - twister - DEBUG - QEMU (8596): ===================================================================
2026-08-16 14:17:24,903 - twister - DEBUG - QEMU (8596): START - test_timeout_non_empty_lifo
2026-08-16 14:17:24,924 - twister - DEBUG - QEMU (8596):  PASS - test_timeout_non_empty_lifo in 0.001 seconds
2026-08-16 14:17:24,924 - twister - DEBUG - QEMU (8596): ===================================================================
2026-08-16 14:17:24,924 - twister - DEBUG - QEMU (8596): TESTSUITE lifo_usage succeeded
2026-08-16 14:17:24,924 - twister - DEBUG - QEMU (8596): Running TESTSUITE lifo_usage_1cpu
2026-08-16 14:17:24,925 - twister - DEBUG - QEMU (8596): ===================================================================
2026-08-16 14:17:24,925 - twister - DEBUG - QEMU (8596): START - test_lifo_nowait
2026-08-16 14:17:24,926 - twister - DEBUG - QEMU (8596):  PASS - test_lifo_nowait in 0.001 seconds
2026-08-16 14:17:24,926 - twister - DEBUG - QEMU (8596): ===================================================================
2026-08-16 14:17:24,926 - twister - DEBUG - QEMU (8596): START - test_lifo_wait
2026-08-16 14:17:24,926 - twister - DEBUG - QEMU (8596):  PASS - test_lifo_wait in 0.001 seconds
2026-08-16 14:17:24,926 - twister - DEBUG - QEMU (8596): ===================================================================
2026-08-16 14:17:24,926 - twister - DEBUG - QEMU (8596): START - test_timeout_empty_lifo
2026-08-16 14:17:24,929 - twister - DEBUG - QEMU (8596):  PASS - test_timeout_empty_lifo in 0.106 seconds
2026-08-16 14:17:24,929 - twister - DEBUG - QEMU (8596): ===================================================================
2026-08-16 14:17:24,929 - twister - DEBUG - QEMU (8596): START - test_timeout_lifo_thread
2026-08-16 14:17:24,930 - twister - DEBUG - QEMU (8596):  PASS - test_timeout_lifo_thread in 0.020 seconds
2026-08-16 14:17:24,930 - twister - DEBUG - QEMU (8596): ===================================================================
2026-08-16 14:17:24,930 - twister - DEBUG - QEMU (8596): START - test_timeout_threads_pend_on_lifo
2026-08-16 14:17:24,931 - twister - DEBUG - QEMU (8596):  thread (q order: 2, t/o: 0, lifo 0xbec6)
2026-08-16 14:17:24,931 - twister - DEBUG - QEMU (8596):  thread (q order: 3, t/o: 100, lifo 0xbec6)
2026-08-16 14:17:24,931 - twister - DEBUG - QEMU (8596):  thread (q order: 0, t/o: 200, lifo 0xbec6)
2026-08-16 14:17:24,932 - twister - DEBUG - QEMU (8596):  thread (q order: 4, t/o: 300, lifo 0xbec6)
2026-08-16 14:17:24,932 - twister - DEBUG - QEMU (8596):  thread (q order: 1, t/o: 400, lifo 0xbec6)
2026-08-16 14:17:24,932 - twister - DEBUG - QEMU (8596):  PASS - test_timeout_threads_pend_on_lifo in 0.410 seconds
2026-08-16 14:17:24,932 - twister - DEBUG - QEMU (8596): ===================================================================
2026-08-16 14:17:24,933 - twister - DEBUG - QEMU (8596): TESTSUITE lifo_usage_1cpu succeeded
2026-08-16 14:17:24,933 - twister - DEBUG - QEMU (8596): 
2026-08-16 14:17:24,933 - twister - DEBUG - QEMU (8596): ------ TESTSUITE SUMMARY START ------
2026-08-16 14:17:24,933 - twister - DEBUG - QEMU (8596): 
2026-08-16 14:17:24,933 - twister - DEBUG - QEMU (8596): SUITE PASS - 100.00% [lifo_usage]: pass = 1, fail = 0, skip = 0, total = 1 duration = 0.001 seconds
2026-08-16 14:17:24,933 - twister - DEBUG - QEMU (8596):  - PASS - [lifo_usage.test_timeout_non_empty_lifo] duration = 0.001 seconds
2026-08-16 14:17:24,933 - twister - DEBUG - QEMU (8596): 
2026-08-16 14:17:24,934 - twister - DEBUG - QEMU (8596): SUITE PASS - 100.00% [lifo_usage_1cpu]: pass = 5, fail = 0, skip = 0, total = 5 duration = 0.538 seconds
2026-08-16 14:17:24,934 - twister - DEBUG - QEMU (8596):  - PASS - [lifo_usage_1cpu.test_lifo_nowait] duration = 0.001 seconds
2026-08-16 14:17:24,934 - twister - DEBUG - QEMU (8596):  - PASS - [lifo_usage_1cpu.test_lifo_wait] duration = 0.001 seconds
2026-08-16 14:17:24,934 - twister - DEBUG - QEMU (8596):  - PASS - [lifo_usage_1cpu.test_timeout_empty_lifo] duration = 0.106 seconds
2026-08-16 14:17:24,934 - twister - DEBUG - QEMU (8596):  - PASS - [lifo_usage_1cpu.test_timeout_lifo_thread] duration = 0.020 seconds
2026-08-16 14:17:24,935 - twister - DEBUG - QEMU (8596):  - PASS - [lifo_usage_1cpu.test_timeout_threads_pend_on_lifo] duration = 0.410 seconds
2026-08-16 14:17:24,935 - twister - DEBUG - QEMU (8596): 
2026-08-16 14:17:24,935 - twister - DEBUG - QEMU (8596): ------ TESTSUITE SUMMARY END ------
2026-08-16 14:17:24,935 - twister - DEBUG - QEMU (8596): 
2026-08-16 14:17:24,935 - twister - DEBUG - QEMU (8596): ===================================================================
2026-08-16 14:17:24,935 - twister - DEBUG - QEMU (8596): RunID: 409acf05590f2546e154783f4d3c63a9
2026-08-16 14:17:24,935 - twister - DEBUG - QEMU (8596): PROJECT EXECUTION SUCCESSFUL
2026-08-16 14:17:25,141 - twister - DEBUG - QEMU (8579) complete with passed (None) after 1.3608455657958984 seconds
2026-08-16 14:17:25,195 - twister - DEBUG - No timeout, return code from QEMU (None): 0
2026-08-16 14:17:25,195 - twister - DEBUG - return code from QEMU (None): 0
2026-08-16 14:17:25,195 - twister - DEBUG - Expected suite names:['lifo_usage_1cpu', 'lifo_usage']
2026-08-16 14:17:25,195 - twister - DEBUG - Detected suite names:['lifo_usage', 'lifo_usage_1cpu']
2026-08-16 14:17:25,195 - twister - DEBUG - run status: qemu_m68k/qemu_virt_m68k_m68010/zephyr/gnu/kernel.lifo.usage passed
2026-08-16 14:17:25,196 - twister - DEBUG - Running cmake on /workspace/scratch/5c70f00d8d01/preview-ws/zephyr/tests/kernel/fifo/fifo_api for qemu_m68k/qemu_virt_m68k_m68010
2026-08-16 14:17:25,196 - twister - DEBUG - Calling cmake: /workspace/scratch/5c70f00d8d01/zephyr-venv/lib/python3.12/site-packages/bin/cmake -B/workspace/scratch/1b6e38f66c85/kqueue-ab-final/patched/qemu_m68k_qemu_virt_m68k_m68010/zephyr_gnu/tests/kernel/fifo/fifo_api/kernel.fifo -DTC_RUNID=c447395009ee30d4731e35f00e59716b -DTC_NAME=kernel.fifo -DCONFIG_COMPILER_WARNINGS_AS_ERRORS=y -DEXTRA_GEN_EDT_ARGS=--edtlib-Werror -GNinja -DPython3_EXECUTABLE=/workspace/scratch/5c70f00d8d01/zephyr-venv/bin/python -DZEPHYR_TOOLCHAIN_VARIANT=zephyr/gnu -S/workspace/scratch/5c70f00d8d01/preview-ws/zephyr/tests/kernel/fifo/fifo_api -DQEMU_PIPE=/workspace/scratch/1b6e38f66c85/kqueue-ab-final/patched/qemu_m68k_qemu_virt_m68k_m68010/zephyr_gnu/tests/kernel/fifo/fifo_api/kernel.fifo/qemu-fifo -DBOARD=qemu_m68k/qemu_virt_m68k_m68010
2026-08-16 14:17:25,936 - twister - DEBUG - QEMU (8596) complete with passed (None) after 1.282128095626831 seconds
2026-08-16 14:17:26,006 - twister - DEBUG - No timeout, return code from QEMU (None): 0
2026-08-16 14:17:26,006 - twister - DEBUG - return code from QEMU (None): 0
2026-08-16 14:17:26,006 - twister - DEBUG - Expected suite names:['lifo_usage_1cpu', 'lifo_usage']
2026-08-16 14:17:26,006 - twister - DEBUG - Detected suite names:['lifo_usage', 'lifo_usage_1cpu']
2026-08-16 14:17:26,006 - twister - DEBUG - run status: qemu_m68k/qemu_virt_m68k_m68000/zephyr/gnu/kernel.lifo.usage passed
2026-08-16 14:17:26,008 - twister - DEBUG - Running cmake on /workspace/scratch/5c70f00d8d01/preview-ws/zephyr/tests/kernel/fifo/fifo_api for qemu_m68k/qemu_virt_m68k_m68000
2026-08-16 14:17:26,008 - twister - DEBUG - Calling cmake: /workspace/scratch/5c70f00d8d01/zephyr-venv/lib/python3.12/site-packages/bin/cmake -B/workspace/scratch/1b6e38f66c85/kqueue-ab-final/patched/qemu_m68k_qemu_virt_m68k_m68000/zephyr_gnu/tests/kernel/fifo/fifo_api/kernel.fifo -DTC_RUNID=e00aaed7d20c9136f350546ac4960360 -DTC_NAME=kernel.fifo -DCONFIG_COMPILER_WARNINGS_AS_ERRORS=y -DEXTRA_GEN_EDT_ARGS=--edtlib-Werror -GNinja -DPython3_EXECUTABLE=/workspace/scratch/5c70f00d8d01/zephyr-venv/bin/python -DZEPHYR_TOOLCHAIN_VARIANT=zephyr/gnu -S/workspace/scratch/5c70f00d8d01/preview-ws/zephyr/tests/kernel/fifo/fifo_api -DQEMU_PIPE=/workspace/scratch/1b6e38f66c85/kqueue-ab-final/patched/qemu_m68k_qemu_virt_m68k_m68000/zephyr_gnu/tests/kernel/fifo/fifo_api/kernel.fifo/qemu-fifo -DBOARD=qemu_m68k/qemu_virt_m68k_m68000
2026-08-16 14:17:30,442 - twister - DEBUG - Finished running cmake /workspace/scratch/5c70f00d8d01/preview-ws/zephyr/tests/kernel/fifo/fifo_usage for qemu_m68k/qemu_virt_m68k_m68010 in 14.54 seconds
2026-08-16 14:17:30,443 - twister - DEBUG - build test: qemu_m68k/qemu_virt_m68k_m68010/zephyr/gnu/kernel.fifo.usage
2026-08-16 14:17:30,443 - twister - DEBUG - Building /workspace/scratch/5c70f00d8d01/preview-ws/zephyr/tests/kernel/fifo/fifo_usage for qemu_m68k/qemu_virt_m68k_m68010
2026-08-16 14:17:30,446 - twister - DEBUG - Running /workspace/scratch/5c70f00d8d01/zephyr-venv/lib/python3.12/site-packages/bin/cmake --build /workspace/scratch/1b6e38f66c85/kqueue-ab-final/patched/qemu_m68k_qemu_virt_m68k_m68010/zephyr_gnu/tests/kernel/fifo/fifo_usage/kernel.fifo.usage
2026-08-16 14:17:30,570 - twister - DEBUG - Finished running cmake /workspace/scratch/5c70f00d8d01/preview-ws/zephyr/tests/kernel/fifo/fifo_usage for qemu_m68k/qemu_virt_m68k_m68000 in 14.66 seconds
2026-08-16 14:17:30,570 - twister - DEBUG - build test: qemu_m68k/qemu_virt_m68k_m68000/zephyr/gnu/kernel.fifo.usage
2026-08-16 14:17:30,570 - twister - DEBUG - Building /workspace/scratch/5c70f00d8d01/preview-ws/zephyr/tests/kernel/fifo/fifo_usage for qemu_m68k/qemu_virt_m68k_m68000
2026-08-16 14:17:30,572 - twister - DEBUG - Running /workspace/scratch/5c70f00d8d01/zephyr-venv/lib/python3.12/site-packages/bin/cmake --build /workspace/scratch/1b6e38f66c85/kqueue-ab-final/patched/qemu_m68k_qemu_virt_m68k_m68000/zephyr_gnu/tests/kernel/fifo/fifo_usage/kernel.fifo.usage
2026-08-16 14:17:40,105 - twister - DEBUG - Finished running cmake /workspace/scratch/5c70f00d8d01/preview-ws/zephyr/tests/kernel/fifo/fifo_api for qemu_m68k/qemu_virt_m68k_m68010 in 14.91 seconds
2026-08-16 14:17:40,105 - twister - DEBUG - build test: qemu_m68k/qemu_virt_m68k_m68010/zephyr/gnu/kernel.fifo
2026-08-16 14:17:40,105 - twister - DEBUG - Building /workspace/scratch/5c70f00d8d01/preview-ws/zephyr/tests/kernel/fifo/fifo_api for qemu_m68k/qemu_virt_m68k_m68010
2026-08-16 14:17:40,107 - twister - DEBUG - Running /workspace/scratch/5c70f00d8d01/zephyr-venv/lib/python3.12/site-packages/bin/cmake --build /workspace/scratch/1b6e38f66c85/kqueue-ab-final/patched/qemu_m68k_qemu_virt_m68k_m68010/zephyr_gnu/tests/kernel/fifo/fifo_api/kernel.fifo
2026-08-16 14:17:40,770 - twister - DEBUG - Finished running cmake /workspace/scratch/5c70f00d8d01/preview-ws/zephyr/tests/kernel/fifo/fifo_api for qemu_m68k/qemu_virt_m68k_m68000 in 14.76 seconds
2026-08-16 14:17:40,770 - twister - DEBUG - build test: qemu_m68k/qemu_virt_m68k_m68000/zephyr/gnu/kernel.fifo
2026-08-16 14:17:40,770 - twister - DEBUG - Building /workspace/scratch/5c70f00d8d01/preview-ws/zephyr/tests/kernel/fifo/fifo_api for qemu_m68k/qemu_virt_m68k_m68000
2026-08-16 14:17:40,772 - twister - DEBUG - Running /workspace/scratch/5c70f00d8d01/zephyr-venv/lib/python3.12/site-packages/bin/cmake --build /workspace/scratch/1b6e38f66c85/kqueue-ab-final/patched/qemu_m68k_qemu_virt_m68k_m68000/zephyr_gnu/tests/kernel/fifo/fifo_api/kernel.fifo
2026-08-16 14:18:51,818 - twister - DEBUG - Finished building /workspace/scratch/5c70f00d8d01/preview-ws/zephyr/tests/kernel/fifo/fifo_usage for qemu_m68k/qemu_virt_m68k_m68010 in 81.37 seconds
2026-08-16 14:18:51,818 - twister - DEBUG - Determine test cases for test instance: qemu_m68k/qemu_virt_m68k_m68010/zephyr/gnu/kernel.fifo.usage
2026-08-16 14:18:51,818 - twister - DEBUG - Determine test cases for test suite: kernel.fifo.usage
2026-08-16 14:18:51,860 - twister - DEBUG - Test instance qemu_m68k/qemu_virt_m68k_m68010/zephyr/gnu/kernel.fifo.usage already has 3 testcase(s) known: [<TestCase kernel.fifo.usage.fifo_usage.single_fifo_play with None>, <TestCase kernel.fifo.usage.fifo_usage.isr_fifo_play with None>, <TestCase kernel.fifo.usage.fifo_usage.dual_fifo_play with None>]
2026-08-16 14:18:51,860 - twister - DEBUG - Detected 3 Ztest case(s): [kernel.fifo.usage.fifo_usage.isr_fifo_play, kernel.fifo.usage.fifo_usage.dual_fifo_play, kernel.fifo.usage.fifo_usage.single_fifo_play] in /workspace/scratch/1b6e38f66c85/kqueue-ab-final/patched/qemu_m68k_qemu_virt_m68k_m68010/zephyr_gnu/tests/kernel/fifo/fifo_usage/kernel.fifo.usage/zephyr/zephyr.elf
2026-08-16 14:18:51,860 - twister - DEBUG - run test: qemu_m68k/qemu_virt_m68k_m68010/zephyr/gnu/kernel.fifo.usage
2026-08-16 14:18:51,860 - twister - DEBUG - Reset instance status from 'passed' to None before run.
2026-08-16 14:18:51,861 - twister - DEBUG - Spawning QEMUHandler Thread for qemu_m68k/qemu_virt_m68k_m68010/zephyr/gnu/kernel.fifo.usage
2026-08-16 14:18:51,861 - twister - DEBUG - Running qemu_m68k/qemu_virt_m68k_m68010/zephyr/gnu/kernel.fifo.usage (qemu)
2026-08-16 14:18:51,865 - twister - DEBUG - Spawning QEMUHandler Thread for qemu_m68k/qemu_virt_m68k_m68010/zephyr/gnu/kernel.fifo.usage
2026-08-16 14:18:52,345 - twister - DEBUG - QEMU (12425): *** Booting Zephyr OS build 4.4.99 ***
2026-08-16 14:18:52,353 - twister - DEBUG - QEMU (12425): Running TESTSUITE fifo_usage
2026-08-16 14:18:52,354 - twister - DEBUG - QEMU (12425): ===================================================================
2026-08-16 14:18:52,357 - twister - DEBUG - QEMU (12425): START - test_dual_fifo_play
2026-08-16 14:18:52,381 - twister - DEBUG - QEMU (12425):  PASS - test_dual_fifo_play in 0.001 seconds
2026-08-16 14:18:52,381 - twister - DEBUG - QEMU (12425): ===================================================================
2026-08-16 14:18:52,381 - twister - DEBUG - QEMU (12425): START - test_isr_fifo_play
2026-08-16 14:18:52,382 - twister - DEBUG - QEMU (12425):  PASS - test_isr_fifo_play in 0.001 seconds
2026-08-16 14:18:52,382 - twister - DEBUG - QEMU (12425): ===================================================================
2026-08-16 14:18:52,382 - twister - DEBUG - QEMU (12425): START - test_single_fifo_play
2026-08-16 14:18:52,382 - twister - DEBUG - QEMU (12425):  PASS - test_single_fifo_play in 0.001 seconds
2026-08-16 14:18:52,382 - twister - DEBUG - QEMU (12425): ===================================================================
2026-08-16 14:18:52,382 - twister - DEBUG - QEMU (12425): TESTSUITE fifo_usage succeeded
2026-08-16 14:18:52,383 - twister - DEBUG - QEMU (12425): 
2026-08-16 14:18:52,383 - twister - DEBUG - QEMU (12425): ------ TESTSUITE SUMMARY START ------
2026-08-16 14:18:52,383 - twister - DEBUG - QEMU (12425): 
2026-08-16 14:18:52,384 - twister - DEBUG - QEMU (12425): SUITE PASS - 100.00% [fifo_usage]: pass = 3, fail = 0, skip = 0, total = 3 duration = 0.003 seconds
2026-08-16 14:18:52,385 - twister - DEBUG - QEMU (12425):  - PASS - [fifo_usage.test_dual_fifo_play] duration = 0.001 seconds
2026-08-16 14:18:52,385 - twister - DEBUG - QEMU (12425):  - PASS - [fifo_usage.test_isr_fifo_play] duration = 0.001 seconds
2026-08-16 14:18:52,385 - twister - DEBUG - QEMU (12425):  - PASS - [fifo_usage.test_single_fifo_play] duration = 0.001 seconds
2026-08-16 14:18:52,385 - twister - DEBUG - QEMU (12425): 
2026-08-16 14:18:52,385 - twister - DEBUG - QEMU (12425): ------ TESTSUITE SUMMARY END ------
2026-08-16 14:18:52,385 - twister - DEBUG - QEMU (12425): 
2026-08-16 14:18:52,385 - twister - DEBUG - QEMU (12425): ===================================================================
2026-08-16 14:18:52,385 - twister - DEBUG - QEMU (12425): RunID: eb6a60213d97c5b11ced13707c65a1ff
2026-08-16 14:18:52,385 - twister - DEBUG - QEMU (12425): PROJECT EXECUTION SUCCESSFUL
2026-08-16 14:18:52,496 - twister - DEBUG - Finished building /workspace/scratch/5c70f00d8d01/preview-ws/zephyr/tests/kernel/fifo/fifo_usage for qemu_m68k/qemu_virt_m68k_m68000 in 81.93 seconds
2026-08-16 14:18:52,496 - twister - DEBUG - Determine test cases for test instance: qemu_m68k/qemu_virt_m68k_m68000/zephyr/gnu/kernel.fifo.usage
2026-08-16 14:18:52,496 - twister - DEBUG - Determine test cases for test suite: kernel.fifo.usage
2026-08-16 14:18:52,526 - twister - DEBUG - Test instance qemu_m68k/qemu_virt_m68k_m68000/zephyr/gnu/kernel.fifo.usage already has 3 testcase(s) known: [<TestCase kernel.fifo.usage.fifo_usage.single_fifo_play with None>, <TestCase kernel.fifo.usage.fifo_usage.isr_fifo_play with None>, <TestCase kernel.fifo.usage.fifo_usage.dual_fifo_play with None>]
2026-08-16 14:18:52,526 - twister - DEBUG - Detected 3 Ztest case(s): [kernel.fifo.usage.fifo_usage.isr_fifo_play, kernel.fifo.usage.fifo_usage.dual_fifo_play, kernel.fifo.usage.fifo_usage.single_fifo_play] in /workspace/scratch/1b6e38f66c85/kqueue-ab-final/patched/qemu_m68k_qemu_virt_m68k_m68000/zephyr_gnu/tests/kernel/fifo/fifo_usage/kernel.fifo.usage/zephyr/zephyr.elf
2026-08-16 14:18:52,526 - twister - DEBUG - run test: qemu_m68k/qemu_virt_m68k_m68000/zephyr/gnu/kernel.fifo.usage
2026-08-16 14:18:52,526 - twister - DEBUG - Reset instance status from 'passed' to None before run.
2026-08-16 14:18:52,526 - twister - DEBUG - Spawning QEMUHandler Thread for qemu_m68k/qemu_virt_m68k_m68000/zephyr/gnu/kernel.fifo.usage
2026-08-16 14:18:52,526 - twister - DEBUG - Running qemu_m68k/qemu_virt_m68k_m68000/zephyr/gnu/kernel.fifo.usage (qemu)
2026-08-16 14:18:52,528 - twister - DEBUG - Spawning QEMUHandler Thread for qemu_m68k/qemu_virt_m68k_m68000/zephyr/gnu/kernel.fifo.usage
2026-08-16 14:18:53,021 - twister - DEBUG - QEMU (12447): *** Booting Zephyr OS build 4.4.99 ***
2026-08-16 14:18:53,042 - twister - DEBUG - QEMU (12447): Running TESTSUITE fifo_usage
2026-08-16 14:18:53,043 - twister - DEBUG - QEMU (12447): ===================================================================
2026-08-16 14:18:53,047 - twister - DEBUG - QEMU (12447): START - test_dual_fifo_play
2026-08-16 14:18:53,081 - twister - DEBUG - QEMU (12447):  PASS - test_dual_fifo_play in 0.001 seconds
2026-08-16 14:18:53,081 - twister - DEBUG - QEMU (12447): ===================================================================
2026-08-16 14:18:53,081 - twister - DEBUG - QEMU (12447): START - test_isr_fifo_play
2026-08-16 14:18:53,082 - twister - DEBUG - QEMU (12447):  PASS - test_isr_fifo_play in 0.001 seconds
2026-08-16 14:18:53,082 - twister - DEBUG - QEMU (12447): ===================================================================
2026-08-16 14:18:53,082 - twister - DEBUG - QEMU (12447): START - test_single_fifo_play
2026-08-16 14:18:53,083 - twister - DEBUG - QEMU (12447):  PASS - test_single_fifo_play in 0.001 seconds
2026-08-16 14:18:53,083 - twister - DEBUG - QEMU (12447): ===================================================================
2026-08-16 14:18:53,083 - twister - DEBUG - QEMU (12447): TESTSUITE fifo_usage succeeded
2026-08-16 14:18:53,083 - twister - DEBUG - QEMU (12447): 
2026-08-16 14:18:53,083 - twister - DEBUG - QEMU (12447): ------ TESTSUITE SUMMARY START ------
2026-08-16 14:18:53,084 - twister - DEBUG - QEMU (12447): 
2026-08-16 14:18:53,084 - twister - DEBUG - QEMU (12447): SUITE PASS - 100.00% [fifo_usage]: pass = 3, fail = 0, skip = 0, total = 3 duration = 0.003 seconds
2026-08-16 14:18:53,084 - twister - DEBUG - QEMU (12447):  - PASS - [fifo_usage.test_dual_fifo_play] duration = 0.001 seconds
2026-08-16 14:18:53,084 - twister - DEBUG - QEMU (12447):  - PASS - [fifo_usage.test_isr_fifo_play] duration = 0.001 seconds
2026-08-16 14:18:53,085 - twister - DEBUG - QEMU (12447):  - PASS - [fifo_usage.test_single_fifo_play] duration = 0.001 seconds
2026-08-16 14:18:53,085 - twister - DEBUG - QEMU (12447): 
2026-08-16 14:18:53,085 - twister - DEBUG - QEMU (12447): ------ TESTSUITE SUMMARY END ------
2026-08-16 14:18:53,085 - twister - DEBUG - QEMU (12447): 
2026-08-16 14:18:53,085 - twister - DEBUG - QEMU (12447): ===================================================================
2026-08-16 14:18:53,085 - twister - DEBUG - QEMU (12447): RunID: f8d6a51676fcb3cd7ad40ef6fd2f9f68
2026-08-16 14:18:53,085 - twister - DEBUG - QEMU (12447): PROJECT EXECUTION SUCCESSFUL
2026-08-16 14:18:53,387 - twister - DEBUG - QEMU (12425) complete with passed (None) after 1.3154640197753906 seconds
2026-08-16 14:18:53,449 - twister - DEBUG - No timeout, return code from QEMU (None): 0
2026-08-16 14:18:53,449 - twister - DEBUG - return code from QEMU (None): 0
2026-08-16 14:18:53,449 - twister - DEBUG - Expected suite names:['fifo_usage']
2026-08-16 14:18:53,449 - twister - DEBUG - Detected suite names:['fifo_usage']
2026-08-16 14:18:53,449 - twister - DEBUG - run status: qemu_m68k/qemu_virt_m68k_m68010/zephyr/gnu/kernel.fifo.usage passed
2026-08-16 14:18:53,449 - twister - DEBUG - Running cmake on /workspace/scratch/5c70f00d8d01/preview-ws/zephyr/tests/kernel/fifo/fifo_timeout for qemu_m68k/qemu_virt_m68k_m68010
2026-08-16 14:18:53,450 - twister - DEBUG - Calling cmake: /workspace/scratch/5c70f00d8d01/zephyr-venv/lib/python3.12/site-packages/bin/cmake -B/workspace/scratch/1b6e38f66c85/kqueue-ab-final/patched/qemu_m68k_qemu_virt_m68k_m68010/zephyr_gnu/tests/kernel/fifo/fifo_timeout/kernel.fifo.timeout -DTC_RUNID=8218f6f5cf31872122178bf96675d170 -DTC_NAME=kernel.fifo.timeout -DCONFIG_COMPILER_WARNINGS_AS_ERRORS=y -DEXTRA_GEN_EDT_ARGS=--edtlib-Werror -GNinja -DPython3_EXECUTABLE=/workspace/scratch/5c70f00d8d01/zephyr-venv/bin/python -DZEPHYR_TOOLCHAIN_VARIANT=zephyr/gnu -S/workspace/scratch/5c70f00d8d01/preview-ws/zephyr/tests/kernel/fifo/fifo_timeout -DQEMU_PIPE=/workspace/scratch/1b6e38f66c85/kqueue-ab-final/patched/qemu_m68k_qemu_virt_m68k_m68010/zephyr_gnu/tests/kernel/fifo/fifo_timeout/kernel.fifo.timeout/qemu-fifo -DBOARD=qemu_m68k/qemu_virt_m68k_m68010
2026-08-16 14:18:54,087 - twister - DEBUG - QEMU (12447) complete with passed (None) after 1.3555219173431396 seconds
2026-08-16 14:18:54,158 - twister - DEBUG - No timeout, return code from QEMU (None): 0
2026-08-16 14:18:54,158 - twister - DEBUG - return code from QEMU (None): 0
2026-08-16 14:18:54,158 - twister - DEBUG - Expected suite names:['fifo_usage']
2026-08-16 14:18:54,158 - twister - DEBUG - Detected suite names:['fifo_usage']
2026-08-16 14:18:54,158 - twister - DEBUG - run status: qemu_m68k/qemu_virt_m68k_m68000/zephyr/gnu/kernel.fifo.usage passed
2026-08-16 14:18:54,158 - twister - DEBUG - Running cmake on /workspace/scratch/5c70f00d8d01/preview-ws/zephyr/tests/kernel/fifo/fifo_timeout for qemu_m68k/qemu_virt_m68k_m68000
2026-08-16 14:18:54,159 - twister - DEBUG - Calling cmake: /workspace/scratch/5c70f00d8d01/zephyr-venv/lib/python3.12/site-packages/bin/cmake -B/workspace/scratch/1b6e38f66c85/kqueue-ab-final/patched/qemu_m68k_qemu_virt_m68k_m68000/zephyr_gnu/tests/kernel/fifo/fifo_timeout/kernel.fifo.timeout -DTC_RUNID=b6b53e0e79947d850b44d7f62255f43c -DTC_NAME=kernel.fifo.timeout -DCONFIG_COMPILER_WARNINGS_AS_ERRORS=y -DEXTRA_GEN_EDT_ARGS=--edtlib-Werror -GNinja -DPython3_EXECUTABLE=/workspace/scratch/5c70f00d8d01/zephyr-venv/bin/python -DZEPHYR_TOOLCHAIN_VARIANT=zephyr/gnu -S/workspace/scratch/5c70f00d8d01/preview-ws/zephyr/tests/kernel/fifo/fifo_timeout -DQEMU_PIPE=/workspace/scratch/1b6e38f66c85/kqueue-ab-final/patched/qemu_m68k_qemu_virt_m68k_m68000/zephyr_gnu/tests/kernel/fifo/fifo_timeout/kernel.fifo.timeout/qemu-fifo -DBOARD=qemu_m68k/qemu_virt_m68k_m68000
2026-08-16 14:19:03,738 - twister - DEBUG - Finished building /workspace/scratch/5c70f00d8d01/preview-ws/zephyr/tests/kernel/fifo/fifo_api for qemu_m68k/qemu_virt_m68k_m68000 in 82.97 seconds
2026-08-16 14:19:03,738 - twister - DEBUG - Determine test cases for test instance: qemu_m68k/qemu_virt_m68k_m68000/zephyr/gnu/kernel.fifo
2026-08-16 14:19:03,738 - twister - DEBUG - Determine test cases for test suite: kernel.fifo
2026-08-16 14:19:03,772 - twister - DEBUG - Test instance qemu_m68k/qemu_virt_m68k_m68000/zephyr/gnu/kernel.fifo already has 13 testcase(s) known: [<TestCase kernel.fifo.fifo_api.fifo_get_fail with None>, <TestCase kernel.fifo.fifo_api_1cpu.fifo_thread2thread with None>, <TestCase kernel.fifo.fifo_api.fifo_is_empty_thread with None>, <TestCase kernel.fifo.fifo_api_1cpu.fifo_loop with None>, <TestCase kernel.fifo.fifo_api.fifo_thread2isr with None>, <TestCase kernel.fifo.fifo_api.fifo_put_slist_order with None>, <TestCase kernel.fifo.fifo_api.fifo_isr2thread with None>, <TestCase kernel.fifo.fifo_api.fifo_peek with None>, <TestCase kernel.fifo.fifo_api.fifo_alloc_put with None>, <TestCase kernel.fifo.fifo_api.fifo_define with None>, <TestCase kernel.fifo.fifo_api_1cpu.fifo_cancel_wait with None>, <TestCase kernel.fifo.fifo_api.fifo_is_empty_isr with None>, <TestCase kernel.fifo.fifo_api.fifo_put_list_order with None>]
2026-08-16 14:19:03,772 - twister - DEBUG - Detected 13 Ztest case(s): [kernel.fifo.fifo_api_1cpu.fifo_cancel_wait, kernel.fifo.fifo_api.fifo_alloc_put, kernel.fifo.fifo_api.fifo_peek, kernel.fifo.fifo_api.fifo_is_empty_isr, kernel.fifo.fifo_api.fifo_is_empty_thread, kernel.fifo.fifo_api.fifo_isr2thread, kernel.fifo.fifo_api.fifo_thread2isr, kernel.fifo.fifo_api.fifo_put_slist_order, kernel.fifo.fifo_api.fifo_put_list_order, kernel.fifo.fifo_api.fifo_define, kernel.fifo.fifo_api_1cpu.fifo_thread2thread, kernel.fifo.fifo_api.fifo_get_fail, kernel.fifo.fifo_api_1cpu.fifo_loop] in /workspace/scratch/1b6e38f66c85/kqueue-ab-final/patched/qemu_m68k_qemu_virt_m68k_m68000/zephyr_gnu/tests/kernel/fifo/fifo_api/kernel.fifo/zephyr/zephyr.elf
2026-08-16 14:19:03,772 - twister - DEBUG - run test: qemu_m68k/qemu_virt_m68k_m68000/zephyr/gnu/kernel.fifo
2026-08-16 14:19:03,772 - twister - DEBUG - Reset instance status from 'passed' to None before run.
2026-08-16 14:19:03,772 - twister - DEBUG - Spawning QEMUHandler Thread for qemu_m68k/qemu_virt_m68k_m68000/zephyr/gnu/kernel.fifo
2026-08-16 14:19:03,774 - twister - DEBUG - Running qemu_m68k/qemu_virt_m68k_m68000/zephyr/gnu/kernel.fifo (qemu)
2026-08-16 14:19:03,778 - twister - DEBUG - Spawning QEMUHandler Thread for qemu_m68k/qemu_virt_m68k_m68000/zephyr/gnu/kernel.fifo
2026-08-16 14:19:04,212 - twister - DEBUG - QEMU (12881): *** Booting Zephyr OS build 4.4.99 ***
2026-08-16 14:19:04,227 - twister - DEBUG - QEMU (12881): Running TESTSUITE fifo_api
2026-08-16 14:19:04,230 - twister - DEBUG - QEMU (12881): ===================================================================
2026-08-16 14:19:04,236 - twister - DEBUG - QEMU (12881): START - test_fifo_alloc_put
2026-08-16 14:19:04,268 - twister - DEBUG - QEMU (12881):  PASS - test_fifo_alloc_put in 0.001 seconds
2026-08-16 14:19:04,269 - twister - DEBUG - QEMU (12881): ===================================================================
2026-08-16 14:19:04,269 - twister - DEBUG - QEMU (12881): START - test_fifo_define
2026-08-16 14:19:04,269 - twister - DEBUG - QEMU (12881):  PASS - test_fifo_define in 0.001 seconds
2026-08-16 14:19:04,269 - twister - DEBUG - QEMU (12881): ===================================================================
2026-08-16 14:19:04,269 - twister - DEBUG - QEMU (12881): START - test_fifo_get_fail
2026-08-16 14:19:04,274 - twister - DEBUG - QEMU (12881):  PASS - test_fifo_get_fail in 0.108 seconds
2026-08-16 14:19:04,274 - twister - DEBUG - QEMU (12881): ===================================================================
2026-08-16 14:19:04,275 - twister - DEBUG - QEMU (12881): START - test_fifo_is_empty_isr
2026-08-16 14:19:04,276 - twister - DEBUG - QEMU (12881):  PASS - test_fifo_is_empty_isr in 0.001 seconds
2026-08-16 14:19:04,276 - twister - DEBUG - QEMU (12881): ===================================================================
2026-08-16 14:19:04,276 - twister - DEBUG - QEMU (12881): START - test_fifo_is_empty_thread
2026-08-16 14:19:04,277 - twister - DEBUG - QEMU (12881):  PASS - test_fifo_is_empty_thread in 0.001 seconds
2026-08-16 14:19:04,277 - twister - DEBUG - QEMU (12881): ===================================================================
2026-08-16 14:19:04,277 - twister - DEBUG - QEMU (12881): START - test_fifo_isr2thread
2026-08-16 14:19:04,277 - twister - DEBUG - QEMU (12881):  PASS - test_fifo_isr2thread in 0.001 seconds
2026-08-16 14:19:04,278 - twister - DEBUG - QEMU (12881): ===================================================================
2026-08-16 14:19:04,278 - twister - DEBUG - QEMU (12881): START - test_fifo_peek
2026-08-16 14:19:04,278 - twister - DEBUG - QEMU (12881):  PASS - test_fifo_peek in 0.001 seconds
2026-08-16 14:19:04,278 - twister - DEBUG - QEMU (12881): ===================================================================
2026-08-16 14:19:04,279 - twister - DEBUG - QEMU (12881): START - test_fifo_put_list_order
2026-08-16 14:19:04,279 - twister - DEBUG - QEMU (12881):  PASS - test_fifo_put_list_order in 0.001 seconds
2026-08-16 14:19:04,279 - twister - DEBUG - QEMU (12881): ===================================================================
2026-08-16 14:19:04,279 - twister - DEBUG - QEMU (12881): START - test_fifo_put_slist_order
2026-08-16 14:19:04,280 - twister - DEBUG - QEMU (12881):  PASS - test_fifo_put_slist_order in 0.001 seconds
2026-08-16 14:19:04,280 - twister - DEBUG - QEMU (12881): ===================================================================
2026-08-16 14:19:04,280 - twister - DEBUG - QEMU (12881): START - test_fifo_thread2isr
2026-08-16 14:19:04,280 - twister - DEBUG - QEMU (12881):  PASS - test_fifo_thread2isr in 0.001 seconds
2026-08-16 14:19:04,281 - twister - DEBUG - QEMU (12881): ===================================================================
2026-08-16 14:19:04,281 - twister - DEBUG - QEMU (12881): TESTSUITE fifo_api succeeded
2026-08-16 14:19:04,281 - twister - DEBUG - QEMU (12881): Running TESTSUITE fifo_api_1cpu
2026-08-16 14:19:04,282 - twister - DEBUG - QEMU (12881): ===================================================================
2026-08-16 14:19:04,282 - twister - DEBUG - QEMU (12881): START - test_fifo_cancel_wait
2026-08-16 14:19:04,285 - twister - DEBUG - QEMU (12881):  PASS - test_fifo_cancel_wait in 0.112 seconds
2026-08-16 14:19:04,285 - twister - DEBUG - QEMU (12881): ===================================================================
2026-08-16 14:19:04,285 - twister - DEBUG - QEMU (12881): START - test_fifo_loop
2026-08-16 14:19:04,286 - twister - DEBUG - QEMU (12881): * Pass data by fifo in loop 0
2026-08-16 14:19:04,286 - twister - DEBUG - QEMU (12881): main fifo put ---> isr fifo get
2026-08-16 14:19:04,286 - twister - DEBUG - QEMU (12881): isr fifo put ---> thread fifo get
2026-08-16 14:19:04,286 - twister - DEBUG - QEMU (12881): thread fifo put ---> main fifo get
2026-08-16 14:19:04,286 - twister - DEBUG - QEMU (12881): 
2026-08-16 14:19:04,287 - twister - DEBUG - QEMU (12881): * Pass data by fifo in loop 1
2026-08-16 14:19:04,287 - twister - DEBUG - QEMU (12881): main fifo put ---> isr fifo get
2026-08-16 14:19:04,287 - twister - DEBUG - QEMU (12881): isr fifo put ---> thread fifo get
2026-08-16 14:19:04,287 - twister - DEBUG - QEMU (12881): thread fifo put ---> main fifo get
2026-08-16 14:19:04,287 - twister - DEBUG - QEMU (12881): 
2026-08-16 14:19:04,287 - twister - DEBUG - QEMU (12881): * Pass data by fifo in loop 2
2026-08-16 14:19:04,287 - twister - DEBUG - QEMU (12881): main fifo put ---> isr fifo get
2026-08-16 14:19:04,288 - twister - DEBUG - QEMU (12881): isr fifo put ---> thread fifo get
2026-08-16 14:19:04,288 - twister - DEBUG - QEMU (12881): thread fifo put ---> main fifo get
2026-08-16 14:19:04,288 - twister - DEBUG - QEMU (12881): 
2026-08-16 14:19:04,288 - twister - DEBUG - QEMU (12881): * Pass data by fifo in loop 3
2026-08-16 14:19:04,288 - twister - DEBUG - QEMU (12881): main fifo put ---> isr fifo get
2026-08-16 14:19:04,288 - twister - DEBUG - QEMU (12881): isr fifo put ---> thread fifo get
2026-08-16 14:19:04,288 - twister - DEBUG - QEMU (12881): thread fifo put ---> main fifo get
2026-08-16 14:19:04,289 - twister - DEBUG - QEMU (12881): 
2026-08-16 14:19:04,289 - twister - DEBUG - QEMU (12881): * Pass data by fifo in loop 4
2026-08-16 14:19:04,289 - twister - DEBUG - QEMU (12881): main fifo put ---> isr fifo get
2026-08-16 14:19:04,289 - twister - DEBUG - QEMU (12881): isr fifo put ---> thread fifo get
2026-08-16 14:19:04,289 - twister - DEBUG - QEMU (12881): thread fifo put ---> main fifo get
2026-08-16 14:19:04,289 - twister - DEBUG - QEMU (12881): 
2026-08-16 14:19:04,289 - twister - DEBUG - QEMU (12881): * Pass data by fifo in loop 5
2026-08-16 14:19:04,289 - twister - DEBUG - QEMU (12881): main fifo put ---> isr fifo get
2026-08-16 14:19:04,289 - twister - DEBUG - QEMU (12881): isr fifo put ---> thread fifo get
2026-08-16 14:19:04,290 - twister - DEBUG - QEMU (12881): thread fifo put ---> main fifo get
2026-08-16 14:19:04,290 - twister - DEBUG - QEMU (12881): 
2026-08-16 14:19:04,290 - twister - DEBUG - QEMU (12881): * Pass data by fifo in loop 6
2026-08-16 14:19:04,290 - twister - DEBUG - QEMU (12881): main fifo put ---> isr fifo get
2026-08-16 14:19:04,290 - twister - DEBUG - QEMU (12881): isr fifo put ---> thread fifo get
2026-08-16 14:19:04,290 - twister - DEBUG - QEMU (12881): thread fifo put ---> main fifo get
2026-08-16 14:19:04,290 - twister - DEBUG - QEMU (12881): 
2026-08-16 14:19:04,290 - twister - DEBUG - QEMU (12881): * Pass data by fifo in loop 7
2026-08-16 14:19:04,290 - twister - DEBUG - QEMU (12881): main fifo put ---> isr fifo get
2026-08-16 14:19:04,291 - twister - DEBUG - QEMU (12881): isr fifo put ---> thread fifo get
2026-08-16 14:19:04,291 - twister - DEBUG - QEMU (12881): thread fifo put ---> main fifo get
2026-08-16 14:19:04,291 - twister - DEBUG - QEMU (12881): 
2026-08-16 14:19:04,291 - twister - DEBUG - QEMU (12881): * Pass data by fifo in loop 8
2026-08-16 14:19:04,291 - twister - DEBUG - QEMU (12881): main fifo put ---> isr fifo get
2026-08-16 14:19:04,291 - twister - DEBUG - QEMU (12881): isr fifo put ---> thread fifo get
2026-08-16 14:19:04,291 - twister - DEBUG - QEMU (12881): thread fifo put ---> main fifo get
2026-08-16 14:19:04,291 - twister - DEBUG - QEMU (12881): 
2026-08-16 14:19:04,291 - twister - DEBUG - QEMU (12881): * Pass data by fifo in loop 9
2026-08-16 14:19:04,292 - twister - DEBUG - QEMU (12881): main fifo put ---> isr fifo get
2026-08-16 14:19:04,292 - twister - DEBUG - QEMU (12881): isr fifo put ---> thread fifo get
2026-08-16 14:19:04,292 - twister - DEBUG - QEMU (12881): thread fifo put ---> main fifo get
2026-08-16 14:19:04,292 - twister - DEBUG - QEMU (12881): 
2026-08-16 14:19:04,292 - twister - DEBUG - QEMU (12881): * Pass data by fifo in loop 10
2026-08-16 14:19:04,292 - twister - DEBUG - QEMU (12881): main fifo put ---> isr fifo get
2026-08-16 14:19:04,292 - twister - DEBUG - QEMU (12881): isr fifo put ---> thread fifo get
2026-08-16 14:19:04,292 - twister - DEBUG - QEMU (12881): thread fifo put ---> main fifo get
2026-08-16 14:19:04,292 - twister - DEBUG - QEMU (12881): 
2026-08-16 14:19:04,293 - twister - DEBUG - QEMU (12881): * Pass data by fifo in loop 11
2026-08-16 14:19:04,293 - twister - DEBUG - QEMU (12881): main fifo put ---> isr fifo get
2026-08-16 14:19:04,293 - twister - DEBUG - QEMU (12881): isr fifo put ---> thread fifo get
2026-08-16 14:19:04,293 - twister - DEBUG - QEMU (12881): thread fifo put ---> main fifo get
2026-08-16 14:19:04,293 - twister - DEBUG - QEMU (12881): 
2026-08-16 14:19:04,293 - twister - DEBUG - QEMU (12881): * Pass data by fifo in loop 12
2026-08-16 14:19:04,294 - twister - DEBUG - QEMU (12881): main fifo put ---> isr fifo get
2026-08-16 14:19:04,294 - twister - DEBUG - QEMU (12881): isr fifo put ---> thread fifo get
2026-08-16 14:19:04,294 - twister - DEBUG - QEMU (12881): thread fifo put ---> main fifo get
2026-08-16 14:19:04,294 - twister - DEBUG - QEMU (12881): 
2026-08-16 14:19:04,294 - twister - DEBUG - QEMU (12881): * Pass data by fifo in loop 13
2026-08-16 14:19:04,294 - twister - DEBUG - QEMU (12881): main fifo put ---> isr fifo get
2026-08-16 14:19:04,294 - twister - DEBUG - QEMU (12881): isr fifo put ---> thread fifo get
2026-08-16 14:19:04,295 - twister - DEBUG - QEMU (12881): thread fifo put ---> main fifo get
2026-08-16 14:19:04,295 - twister - DEBUG - QEMU (12881): 
2026-08-16 14:19:04,295 - twister - DEBUG - QEMU (12881): * Pass data by fifo in loop 14
2026-08-16 14:19:04,295 - twister - DEBUG - QEMU (12881): main fifo put ---> isr fifo get
2026-08-16 14:19:04,295 - twister - DEBUG - QEMU (12881): isr fifo put ---> thread fifo get
2026-08-16 14:19:04,295 - twister - DEBUG - QEMU (12881): thread fifo put ---> main fifo get
2026-08-16 14:19:04,295 - twister - DEBUG - QEMU (12881): 
2026-08-16 14:19:04,296 - twister - DEBUG - QEMU (12881): * Pass data by fifo in loop 15
2026-08-16 14:19:04,296 - twister - DEBUG - QEMU (12881): main fifo put ---> isr fifo get
2026-08-16 14:19:04,296 - twister - DEBUG - QEMU (12881): isr fifo put ---> thread fifo get
2026-08-16 14:19:04,296 - twister - DEBUG - QEMU (12881): thread fifo put ---> main fifo get
2026-08-16 14:19:04,296 - twister - DEBUG - QEMU (12881): 
2026-08-16 14:19:04,296 - twister - DEBUG - QEMU (12881): * Pass data by fifo in loop 16
2026-08-16 14:19:04,297 - twister - DEBUG - QEMU (12881): main fifo put ---> isr fifo get
2026-08-16 14:19:04,297 - twister - DEBUG - QEMU (12881): isr fifo put ---> thread fifo get
2026-08-16 14:19:04,297 - twister - DEBUG - QEMU (12881): thread fifo put ---> main fifo get
2026-08-16 14:19:04,297 - twister - DEBUG - QEMU (12881): 
2026-08-16 14:19:04,297 - twister - DEBUG - QEMU (12881): * Pass data by fifo in loop 17
2026-08-16 14:19:04,297 - twister - DEBUG - QEMU (12881): main fifo put ---> isr fifo get
2026-08-16 14:19:04,297 - twister - DEBUG - QEMU (12881): isr fifo put ---> thread fifo get
2026-08-16 14:19:04,298 - twister - DEBUG - QEMU (12881): thread fifo put ---> main fifo get
2026-08-16 14:19:04,298 - twister - DEBUG - QEMU (12881): 
2026-08-16 14:19:04,298 - twister - DEBUG - QEMU (12881): * Pass data by fifo in loop 18
2026-08-16 14:19:04,298 - twister - DEBUG - QEMU (12881): main fifo put ---> isr fifo get
2026-08-16 14:19:04,298 - twister - DEBUG - QEMU (12881): isr fifo put ---> thread fifo get
2026-08-16 14:19:04,298 - twister - DEBUG - QEMU (12881): thread fifo put ---> main fifo get
2026-08-16 14:19:04,298 - twister - DEBUG - QEMU (12881): 
2026-08-16 14:19:04,299 - twister - DEBUG - QEMU (12881): * Pass data by fifo in loop 19
2026-08-16 14:19:04,299 - twister - DEBUG - QEMU (12881): main fifo put ---> isr fifo get
2026-08-16 14:19:04,299 - twister - DEBUG - QEMU (12881): isr fifo put ---> thread fifo get
2026-08-16 14:19:04,299 - twister - DEBUG - QEMU (12881): thread fifo put ---> main fifo get
2026-08-16 14:19:04,299 - twister - DEBUG - QEMU (12881): 
2026-08-16 14:19:04,299 - twister - DEBUG - QEMU (12881): * Pass data by fifo in loop 20
2026-08-16 14:19:04,299 - twister - DEBUG - QEMU (12881): main fifo put ---> isr fifo get
2026-08-16 14:19:04,300 - twister - DEBUG - QEMU (12881): isr fifo put ---> thread fifo get
2026-08-16 14:19:04,300 - twister - DEBUG - QEMU (12881): thread fifo put ---> main fifo get
2026-08-16 14:19:04,300 - twister - DEBUG - QEMU (12881): 
2026-08-16 14:19:04,300 - twister - DEBUG - QEMU (12881): * Pass data by fifo in loop 21
2026-08-16 14:19:04,300 - twister - DEBUG - QEMU (12881): main fifo put ---> isr fifo get
2026-08-16 14:19:04,300 - twister - DEBUG - QEMU (12881): isr fifo put ---> thread fifo get
2026-08-16 14:19:04,300 - twister - DEBUG - QEMU (12881): thread fifo put ---> main fifo get
2026-08-16 14:19:04,300 - twister - DEBUG - QEMU (12881): 
2026-08-16 14:19:04,300 - twister - DEBUG - QEMU (12881): * Pass data by fifo in loop 22
2026-08-16 14:19:04,301 - twister - DEBUG - QEMU (12881): main fifo put ---> isr fifo get
2026-08-16 14:19:04,301 - twister - DEBUG - QEMU (12881): isr fifo put ---> thread fifo get
2026-08-16 14:19:04,301 - twister - DEBUG - QEMU (12881): thread fifo put ---> main fifo get
2026-08-16 14:19:04,301 - twister - DEBUG - QEMU (12881): 
2026-08-16 14:19:04,301 - twister - DEBUG - QEMU (12881): * Pass data by fifo in loop 23
2026-08-16 14:19:04,301 - twister - DEBUG - QEMU (12881): main fifo put ---> isr fifo get
2026-08-16 14:19:04,301 - twister - DEBUG - QEMU (12881): isr fifo put ---> thread fifo get
2026-08-16 14:19:04,302 - twister - DEBUG - QEMU (12881): thread fifo put ---> main fifo get
2026-08-16 14:19:04,302 - twister - DEBUG - QEMU (12881): 
2026-08-16 14:19:04,302 - twister - DEBUG - QEMU (12881): * Pass data by fifo in loop 24
2026-08-16 14:19:04,302 - twister - DEBUG - QEMU (12881): main fifo put ---> isr fifo get
2026-08-16 14:19:04,302 - twister - DEBUG - QEMU (12881): isr fifo put ---> thread fifo get
2026-08-16 14:19:04,302 - twister - DEBUG - QEMU (12881): thread fifo put ---> main fifo get
2026-08-16 14:19:04,302 - twister - DEBUG - QEMU (12881): 
2026-08-16 14:19:04,302 - twister - DEBUG - QEMU (12881): * Pass data by fifo in loop 25
2026-08-16 14:19:04,302 - twister - DEBUG - QEMU (12881): main fifo put ---> isr fifo get
2026-08-16 14:19:04,302 - twister - DEBUG - QEMU (12881): isr fifo put ---> thread fifo get
2026-08-16 14:19:04,303 - twister - DEBUG - QEMU (12881): thread fifo put ---> main fifo get
2026-08-16 14:19:04,303 - twister - DEBUG - QEMU (12881): 
2026-08-16 14:19:04,303 - twister - DEBUG - QEMU (12881): * Pass data by fifo in loop 26
2026-08-16 14:19:04,303 - twister - DEBUG - QEMU (12881): main fifo put ---> isr fifo get
2026-08-16 14:19:04,303 - twister - DEBUG - QEMU (12881): isr fifo put ---> thread fifo get
2026-08-16 14:19:04,303 - twister - DEBUG - QEMU (12881): thread fifo put ---> main fifo get
2026-08-16 14:19:04,303 - twister - DEBUG - QEMU (12881): 
2026-08-16 14:19:04,303 - twister - DEBUG - QEMU (12881): * Pass data by fifo in loop 27
2026-08-16 14:19:04,304 - twister - DEBUG - QEMU (12881): main fifo put ---> isr fifo get
2026-08-16 14:19:04,304 - twister - DEBUG - QEMU (12881): isr fifo put ---> thread fifo get
2026-08-16 14:19:04,304 - twister - DEBUG - QEMU (12881): thread fifo put ---> main fifo get
2026-08-16 14:19:04,304 - twister - DEBUG - QEMU (12881): 
2026-08-16 14:19:04,304 - twister - DEBUG - QEMU (12881): * Pass data by fifo in loop 28
2026-08-16 14:19:04,304 - twister - DEBUG - QEMU (12881): main fifo put ---> isr fifo get
2026-08-16 14:19:04,304 - twister - DEBUG - QEMU (12881): isr fifo put ---> thread fifo get
2026-08-16 14:19:04,304 - twister - DEBUG - QEMU (12881): thread fifo put ---> main fifo get
2026-08-16 14:19:04,304 - twister - DEBUG - QEMU (12881): 
2026-08-16 14:19:04,305 - twister - DEBUG - QEMU (12881): * Pass data by fifo in loop 29
2026-08-16 14:19:04,305 - twister - DEBUG - QEMU (12881): main fifo put ---> isr fifo get
2026-08-16 14:19:04,305 - twister - DEBUG - QEMU (12881): isr fifo put ---> thread fifo get
2026-08-16 14:19:04,305 - twister - DEBUG - QEMU (12881): thread fifo put ---> main fifo get
2026-08-16 14:19:04,305 - twister - DEBUG - QEMU (12881): 
2026-08-16 14:19:04,305 - twister - DEBUG - QEMU (12881): * Pass data by fifo in loop 30
2026-08-16 14:19:04,305 - twister - DEBUG - QEMU (12881): main fifo put ---> isr fifo get
2026-08-16 14:19:04,305 - twister - DEBUG - QEMU (12881): isr fifo put ---> thread fifo get
2026-08-16 14:19:04,305 - twister - DEBUG - QEMU (12881): thread fifo put ---> main fifo get
2026-08-16 14:19:04,305 - twister - DEBUG - QEMU (12881): 
2026-08-16 14:19:04,305 - twister - DEBUG - QEMU (12881): * Pass data by fifo in loop 31
2026-08-16 14:19:04,306 - twister - DEBUG - QEMU (12881): main fifo put ---> isr fifo get
2026-08-16 14:19:04,306 - twister - DEBUG - QEMU (12881): isr fifo put ---> thread fifo get
2026-08-16 14:19:04,306 - twister - DEBUG - QEMU (12881): thread fifo put ---> main fifo get
2026-08-16 14:19:04,306 - twister - DEBUG - QEMU (12881): 
2026-08-16 14:19:04,306 - twister - DEBUG - QEMU (12881):  PASS - test_fifo_loop in 0.037 seconds
2026-08-16 14:19:04,306 - twister - DEBUG - QEMU (12881): ===================================================================
2026-08-16 14:19:04,306 - twister - DEBUG - QEMU (12881): START - test_fifo_thread2thread
2026-08-16 14:19:04,306 - twister - DEBUG - QEMU (12881):  PASS - test_fifo_thread2thread in 0.001 seconds
2026-08-16 14:19:04,307 - twister - DEBUG - QEMU (12881): ===================================================================
2026-08-16 14:19:04,307 - twister - DEBUG - QEMU (12881): TESTSUITE fifo_api_1cpu succeeded
2026-08-16 14:19:04,307 - twister - DEBUG - QEMU (12881): 
2026-08-16 14:19:04,307 - twister - DEBUG - QEMU (12881): ------ TESTSUITE SUMMARY START ------
2026-08-16 14:19:04,307 - twister - DEBUG - QEMU (12881): 
2026-08-16 14:19:04,307 - twister - DEBUG - QEMU (12881): SUITE PASS - 100.00% [fifo_api]: pass = 10, fail = 0, skip = 0, total = 10 duration = 0.117 seconds
2026-08-16 14:19:04,308 - twister - DEBUG - QEMU (12881):  - PASS - [fifo_api.test_fifo_alloc_put] duration = 0.001 seconds
2026-08-16 14:19:04,308 - twister - DEBUG - QEMU (12881):  - PASS - [fifo_api.test_fifo_define] duration = 0.001 seconds
2026-08-16 14:19:04,308 - twister - DEBUG - QEMU (12881):  - PASS - [fifo_api.test_fifo_get_fail] duration = 0.108 seconds
2026-08-16 14:19:04,308 - twister - DEBUG - QEMU (12881):  - PASS - [fifo_api.test_fifo_is_empty_isr] duration = 0.001 seconds
2026-08-16 14:19:04,308 - twister - DEBUG - QEMU (12881):  - PASS - [fifo_api.test_fifo_is_empty_thread] duration = 0.001 seconds
2026-08-16 14:19:04,309 - twister - DEBUG - QEMU (12881):  - PASS - [fifo_api.test_fifo_isr2thread] duration = 0.001 seconds
2026-08-16 14:19:04,309 - twister - DEBUG - QEMU (12881):  - PASS - [fifo_api.test_fifo_peek] duration = 0.001 seconds
2026-08-16 14:19:04,309 - twister - DEBUG - QEMU (12881):  - PASS - [fifo_api.test_fifo_put_list_order] duration = 0.001 seconds
2026-08-16 14:19:04,309 - twister - DEBUG - QEMU (12881):  - PASS - [fifo_api.test_fifo_put_slist_order] duration = 0.001 seconds
2026-08-16 14:19:04,310 - twister - DEBUG - QEMU (12881):  - PASS - [fifo_api.test_fifo_thread2isr] duration = 0.001 seconds
2026-08-16 14:19:04,310 - twister - DEBUG - QEMU (12881): 
2026-08-16 14:19:04,310 - twister - DEBUG - QEMU (12881): SUITE PASS - 100.00% [fifo_api_1cpu]: pass = 3, fail = 0, skip = 0, total = 3 duration = 0.150 seconds
2026-08-16 14:19:04,310 - twister - DEBUG - QEMU (12881):  - PASS - [fifo_api_1cpu.test_fifo_cancel_wait] duration = 0.112 seconds
2026-08-16 14:19:04,310 - twister - DEBUG - QEMU (12881):  - PASS - [fifo_api_1cpu.test_fifo_loop] duration = 0.037 seconds
2026-08-16 14:19:04,311 - twister - DEBUG - QEMU (12881):  - PASS - [fifo_api_1cpu.test_fifo_thread2thread] duration = 0.001 seconds
2026-08-16 14:19:04,311 - twister - DEBUG - QEMU (12881): 
2026-08-16 14:19:04,311 - twister - DEBUG - QEMU (12881): ------ TESTSUITE SUMMARY END ------
2026-08-16 14:19:04,311 - twister - DEBUG - QEMU (12881): 
2026-08-16 14:19:04,311 - twister - DEBUG - QEMU (12881): ===================================================================
2026-08-16 14:19:04,311 - twister - DEBUG - QEMU (12881): RunID: e00aaed7d20c9136f350546ac4960360
2026-08-16 14:19:04,311 - twister - DEBUG - QEMU (12881): PROJECT EXECUTION SUCCESSFUL
2026-08-16 14:19:04,376 - twister - DEBUG - Finished building /workspace/scratch/5c70f00d8d01/preview-ws/zephyr/tests/kernel/fifo/fifo_api for qemu_m68k/qemu_virt_m68k_m68010 in 84.27 seconds
2026-08-16 14:19:04,376 - twister - DEBUG - Determine test cases for test instance: qemu_m68k/qemu_virt_m68k_m68010/zephyr/gnu/kernel.fifo
2026-08-16 14:19:04,376 - twister - DEBUG - Determine test cases for test suite: kernel.fifo
2026-08-16 14:19:04,427 - twister - DEBUG - Test instance qemu_m68k/qemu_virt_m68k_m68010/zephyr/gnu/kernel.fifo already has 13 testcase(s) known: [<TestCase kernel.fifo.fifo_api.fifo_get_fail with None>, <TestCase kernel.fifo.fifo_api_1cpu.fifo_thread2thread with None>, <TestCase kernel.fifo.fifo_api.fifo_is_empty_thread with None>, <TestCase kernel.fifo.fifo_api_1cpu.fifo_loop with None>, <TestCase kernel.fifo.fifo_api.fifo_thread2isr with None>, <TestCase kernel.fifo.fifo_api.fifo_put_slist_order with None>, <TestCase kernel.fifo.fifo_api.fifo_isr2thread with None>, <TestCase kernel.fifo.fifo_api.fifo_peek with None>, <TestCase kernel.fifo.fifo_api.fifo_alloc_put with None>, <TestCase kernel.fifo.fifo_api.fifo_define with None>, <TestCase kernel.fifo.fifo_api_1cpu.fifo_cancel_wait with None>, <TestCase kernel.fifo.fifo_api.fifo_is_empty_isr with None>, <TestCase kernel.fifo.fifo_api.fifo_put_list_order with None>]
2026-08-16 14:19:04,427 - twister - DEBUG - Detected 13 Ztest case(s): [kernel.fifo.fifo_api_1cpu.fifo_cancel_wait, kernel.fifo.fifo_api.fifo_alloc_put, kernel.fifo.fifo_api.fifo_peek, kernel.fifo.fifo_api.fifo_is_empty_isr, kernel.fifo.fifo_api.fifo_is_empty_thread, kernel.fifo.fifo_api.fifo_isr2thread, kernel.fifo.fifo_api.fifo_thread2isr, kernel.fifo.fifo_api.fifo_put_slist_order, kernel.fifo.fifo_api.fifo_put_list_order, kernel.fifo.fifo_api.fifo_define, kernel.fifo.fifo_api_1cpu.fifo_thread2thread, kernel.fifo.fifo_api.fifo_get_fail, kernel.fifo.fifo_api_1cpu.fifo_loop] in /workspace/scratch/1b6e38f66c85/kqueue-ab-final/patched/qemu_m68k_qemu_virt_m68k_m68010/zephyr_gnu/tests/kernel/fifo/fifo_api/kernel.fifo/zephyr/zephyr.elf
2026-08-16 14:19:04,427 - twister - DEBUG - run test: qemu_m68k/qemu_virt_m68k_m68010/zephyr/gnu/kernel.fifo
2026-08-16 14:19:04,427 - twister - DEBUG - Reset instance status from 'passed' to None before run.
2026-08-16 14:19:04,427 - twister - DEBUG - Spawning QEMUHandler Thread for qemu_m68k/qemu_virt_m68k_m68010/zephyr/gnu/kernel.fifo
2026-08-16 14:19:04,428 - twister - DEBUG - Running qemu_m68k/qemu_virt_m68k_m68010/zephyr/gnu/kernel.fifo (qemu)
2026-08-16 14:19:04,430 - twister - DEBUG - Spawning QEMUHandler Thread for qemu_m68k/qemu_virt_m68k_m68010/zephyr/gnu/kernel.fifo
2026-08-16 14:19:04,954 - twister - DEBUG - QEMU (12908): *** Booting Zephyr OS build 4.4.99 ***
2026-08-16 14:19:04,955 - twister - DEBUG - QEMU (12908): Running TESTSUITE fifo_api
2026-08-16 14:19:04,956 - twister - DEBUG - QEMU (12908): ===================================================================
2026-08-16 14:19:04,956 - twister - DEBUG - QEMU (12908): START - test_fifo_alloc_put
2026-08-16 14:19:04,982 - twister - DEBUG - QEMU (12908):  PASS - test_fifo_alloc_put in 0.001 seconds
2026-08-16 14:19:04,982 - twister - DEBUG - QEMU (12908): ===================================================================
2026-08-16 14:19:04,983 - twister - DEBUG - QEMU (12908): START - test_fifo_define
2026-08-16 14:19:04,983 - twister - DEBUG - QEMU (12908):  PASS - test_fifo_define in 0.001 seconds
2026-08-16 14:19:04,984 - twister - DEBUG - QEMU (12908): ===================================================================
2026-08-16 14:19:04,984 - twister - DEBUG - QEMU (12908): START - test_fifo_get_fail
2026-08-16 14:19:05,041 - twister - DEBUG - QEMU (12908):  PASS - test_fifo_get_fail in 0.108 seconds
2026-08-16 14:19:05,042 - twister - DEBUG - QEMU (12908): ===================================================================
2026-08-16 14:19:05,042 - twister - DEBUG - QEMU (12908): START - test_fifo_is_empty_isr
2026-08-16 14:19:05,043 - twister - DEBUG - QEMU (12908):  PASS - test_fifo_is_empty_isr in 0.001 seconds
2026-08-16 14:19:05,043 - twister - DEBUG - QEMU (12908): ===================================================================
2026-08-16 14:19:05,043 - twister - DEBUG - QEMU (12908): START - test_fifo_is_empty_thread
2026-08-16 14:19:05,043 - twister - DEBUG - QEMU (12908):  PASS - test_fifo_is_empty_thread in 0.001 seconds
2026-08-16 14:19:05,043 - twister - DEBUG - QEMU (12908): ===================================================================
2026-08-16 14:19:05,043 - twister - DEBUG - QEMU (12908): START - test_fifo_isr2thread
2026-08-16 14:19:05,043 - twister - DEBUG - QEMU (12908):  PASS - test_fifo_isr2thread in 0.001 seconds
2026-08-16 14:19:05,043 - twister - DEBUG - QEMU (12908): ===================================================================
2026-08-16 14:19:05,044 - twister - DEBUG - QEMU (12908): START - test_fifo_peek
2026-08-16 14:19:05,048 - twister - DEBUG - QEMU (12908):  PASS - test_fifo_peek in 0.001 seconds
2026-08-16 14:19:05,049 - twister - DEBUG - QEMU (12908): ===================================================================
2026-08-16 14:19:05,049 - twister - DEBUG - QEMU (12908): START - test_fifo_put_list_order
2026-08-16 14:19:05,049 - twister - DEBUG - QEMU (12908):  PASS - test_fifo_put_list_order in 0.001 seconds
2026-08-16 14:19:05,049 - twister - DEBUG - QEMU (12908): ===================================================================
2026-08-16 14:19:05,049 - twister - DEBUG - QEMU (12908): START - test_fifo_put_slist_order
2026-08-16 14:19:05,049 - twister - DEBUG - QEMU (12908):  PASS - test_fifo_put_slist_order in 0.001 seconds
2026-08-16 14:19:05,049 - twister - DEBUG - QEMU (12908): ===================================================================
2026-08-16 14:19:05,049 - twister - DEBUG - QEMU (12908): START - test_fifo_thread2isr
2026-08-16 14:19:05,049 - twister - DEBUG - QEMU (12908):  PASS - test_fifo_thread2isr in 0.001 seconds
2026-08-16 14:19:05,049 - twister - DEBUG - QEMU (12908): ===================================================================
2026-08-16 14:19:05,049 - twister - DEBUG - QEMU (12908): TESTSUITE fifo_api succeeded
2026-08-16 14:19:05,050 - twister - DEBUG - QEMU (12908): Running TESTSUITE fifo_api_1cpu
2026-08-16 14:19:05,050 - twister - DEBUG - QEMU (12908): ===================================================================
2026-08-16 14:19:05,050 - twister - DEBUG - QEMU (12908): START - test_fifo_cancel_wait
2026-08-16 14:19:05,050 - twister - DEBUG - QEMU (12908):  PASS - test_fifo_cancel_wait in 0.112 seconds
2026-08-16 14:19:05,050 - twister - DEBUG - QEMU (12908): ===================================================================
2026-08-16 14:19:05,050 - twister - DEBUG - QEMU (12908): START - test_fifo_loop
2026-08-16 14:19:05,050 - twister - DEBUG - QEMU (12908): * Pass data by fifo in loop 0
2026-08-16 14:19:05,050 - twister - DEBUG - QEMU (12908): main fifo put ---> isr fifo get
2026-08-16 14:19:05,050 - twister - DEBUG - QEMU (12908): isr fifo put ---> thread fifo get
2026-08-16 14:19:05,050 - twister - DEBUG - QEMU (12908): thread fifo put ---> main fifo get
2026-08-16 14:19:05,050 - twister - DEBUG - QEMU (12908): 
2026-08-16 14:19:05,050 - twister - DEBUG - QEMU (12908): * Pass data by fifo in loop 1
2026-08-16 14:19:05,050 - twister - DEBUG - QEMU (12908): main fifo put ---> isr fifo get
2026-08-16 14:19:05,051 - twister - DEBUG - QEMU (12908): isr fifo put ---> thread fifo get
2026-08-16 14:19:05,051 - twister - DEBUG - QEMU (12908): thread fifo put ---> main fifo get
2026-08-16 14:19:05,051 - twister - DEBUG - QEMU (12908): 
2026-08-16 14:19:05,051 - twister - DEBUG - QEMU (12908): * Pass data by fifo in loop 2
2026-08-16 14:19:05,051 - twister - DEBUG - QEMU (12908): main fifo put ---> isr fifo get
2026-08-16 14:19:05,051 - twister - DEBUG - QEMU (12908): isr fifo put ---> thread fifo get
2026-08-16 14:19:05,051 - twister - DEBUG - QEMU (12908): thread fifo put ---> main fifo get
2026-08-16 14:19:05,051 - twister - DEBUG - QEMU (12908): 
2026-08-16 14:19:05,051 - twister - DEBUG - QEMU (12908): * Pass data by fifo in loop 3
2026-08-16 14:19:05,051 - twister - DEBUG - QEMU (12908): main fifo put ---> isr fifo get
2026-08-16 14:19:05,051 - twister - DEBUG - QEMU (12908): isr fifo put ---> thread fifo get
2026-08-16 14:19:05,051 - twister - DEBUG - QEMU (12908): thread fifo put ---> main fifo get
2026-08-16 14:19:05,051 - twister - DEBUG - QEMU (12908): 
2026-08-16 14:19:05,051 - twister - DEBUG - QEMU (12908): * Pass data by fifo in loop 4
2026-08-16 14:19:05,052 - twister - DEBUG - QEMU (12908): main fifo put ---> isr fifo get
2026-08-16 14:19:05,052 - twister - DEBUG - QEMU (12908): isr fifo put ---> thread fifo get
2026-08-16 14:19:05,052 - twister - DEBUG - QEMU (12908): thread fifo put ---> main fifo get
2026-08-16 14:19:05,052 - twister - DEBUG - QEMU (12908): 
2026-08-16 14:19:05,052 - twister - DEBUG - QEMU (12908): * Pass data by fifo in loop 5
2026-08-16 14:19:05,052 - twister - DEBUG - QEMU (12908): main fifo put ---> isr fifo get
2026-08-16 14:19:05,052 - twister - DEBUG - QEMU (12908): isr fifo put ---> thread fifo get
2026-08-16 14:19:05,052 - twister - DEBUG - QEMU (12908): thread fifo put ---> main fifo get
2026-08-16 14:19:05,052 - twister - DEBUG - QEMU (12908): 
2026-08-16 14:19:05,052 - twister - DEBUG - QEMU (12908): * Pass data by fifo in loop 6
2026-08-16 14:19:05,052 - twister - DEBUG - QEMU (12908): main fifo put ---> isr fifo get
2026-08-16 14:19:05,052 - twister - DEBUG - QEMU (12908): isr fifo put ---> thread fifo get
2026-08-16 14:19:05,052 - twister - DEBUG - QEMU (12908): thread fifo put ---> main fifo get
2026-08-16 14:19:05,052 - twister - DEBUG - QEMU (12908): 
2026-08-16 14:19:05,052 - twister - DEBUG - QEMU (12908): * Pass data by fifo in loop 7
2026-08-16 14:19:05,052 - twister - DEBUG - QEMU (12908): main fifo put ---> isr fifo get
2026-08-16 14:19:05,053 - twister - DEBUG - QEMU (12908): isr fifo put ---> thread fifo get
2026-08-16 14:19:05,053 - twister - DEBUG - QEMU (12908): thread fifo put ---> main fifo get
2026-08-16 14:19:05,053 - twister - DEBUG - QEMU (12908): 
2026-08-16 14:19:05,053 - twister - DEBUG - QEMU (12908): * Pass data by fifo in loop 8
2026-08-16 14:19:05,053 - twister - DEBUG - QEMU (12908): main fifo put ---> isr fifo get
2026-08-16 14:19:05,053 - twister - DEBUG - QEMU (12908): isr fifo put ---> thread fifo get
2026-08-16 14:19:05,053 - twister - DEBUG - QEMU (12908): thread fifo put ---> main fifo get
2026-08-16 14:19:05,053 - twister - DEBUG - QEMU (12908): 
2026-08-16 14:19:05,053 - twister - DEBUG - QEMU (12908): * Pass data by fifo in loop 9
2026-08-16 14:19:05,053 - twister - DEBUG - QEMU (12908): main fifo put ---> isr fifo get
2026-08-16 14:19:05,053 - twister - DEBUG - QEMU (12908): isr fifo put ---> thread fifo get
2026-08-16 14:19:05,054 - twister - DEBUG - QEMU (12908): thread fifo put ---> main fifo get
2026-08-16 14:19:05,054 - twister - DEBUG - QEMU (12908): 
2026-08-16 14:19:05,054 - twister - DEBUG - QEMU (12908): * Pass data by fifo in loop 10
2026-08-16 14:19:05,054 - twister - DEBUG - QEMU (12908): main fifo put ---> isr fifo get
2026-08-16 14:19:05,054 - twister - DEBUG - QEMU (12908): isr fifo put ---> thread fifo get
2026-08-16 14:19:05,054 - twister - DEBUG - QEMU (12908): thread fifo put ---> main fifo get
2026-08-16 14:19:05,054 - twister - DEBUG - QEMU (12908): 
2026-08-16 14:19:05,054 - twister - DEBUG - QEMU (12908): * Pass data by fifo in loop 11
2026-08-16 14:19:05,054 - twister - DEBUG - QEMU (12908): main fifo put ---> isr fifo get
2026-08-16 14:19:05,054 - twister - DEBUG - QEMU (12908): isr fifo put ---> thread fifo get
2026-08-16 14:19:05,054 - twister - DEBUG - QEMU (12908): thread fifo put ---> main fifo get
2026-08-16 14:19:05,054 - twister - DEBUG - QEMU (12908): 
2026-08-16 14:19:05,054 - twister - DEBUG - QEMU (12908): * Pass data by fifo in loop 12
2026-08-16 14:19:05,054 - twister - DEBUG - QEMU (12908): main fifo put ---> isr fifo get
2026-08-16 14:19:05,054 - twister - DEBUG - QEMU (12908): isr fifo put ---> thread fifo get
2026-08-16 14:19:05,055 - twister - DEBUG - QEMU (12908): thread fifo put ---> main fifo get
2026-08-16 14:19:05,055 - twister - DEBUG - QEMU (12908): 
2026-08-16 14:19:05,055 - twister - DEBUG - QEMU (12908): * Pass data by fifo in loop 13
2026-08-16 14:19:05,055 - twister - DEBUG - QEMU (12908): main fifo put ---> isr fifo get
2026-08-16 14:19:05,055 - twister - DEBUG - QEMU (12908): isr fifo put ---> thread fifo get
2026-08-16 14:19:05,055 - twister - DEBUG - QEMU (12908): thread fifo put ---> main fifo get
2026-08-16 14:19:05,055 - twister - DEBUG - QEMU (12908): 
2026-08-16 14:19:05,055 - twister - DEBUG - QEMU (12908): * Pass data by fifo in loop 14
2026-08-16 14:19:05,055 - twister - DEBUG - QEMU (12908): main fifo put ---> isr fifo get
2026-08-16 14:19:05,055 - twister - DEBUG - QEMU (12908): isr fifo put ---> thread fifo get
2026-08-16 14:19:05,055 - twister - DEBUG - QEMU (12908): thread fifo put ---> main fifo get
2026-08-16 14:19:05,055 - twister - DEBUG - QEMU (12908): 
2026-08-16 14:19:05,056 - twister - DEBUG - QEMU (12908): * Pass data by fifo in loop 15
2026-08-16 14:19:05,056 - twister - DEBUG - QEMU (12908): main fifo put ---> isr fifo get
2026-08-16 14:19:05,056 - twister - DEBUG - QEMU (12908): isr fifo put ---> thread fifo get
2026-08-16 14:19:05,056 - twister - DEBUG - QEMU (12908): thread fifo put ---> main fifo get
2026-08-16 14:19:05,056 - twister - DEBUG - QEMU (12908): 
2026-08-16 14:19:05,056 - twister - DEBUG - QEMU (12908): * Pass data by fifo in loop 16
2026-08-16 14:19:05,056 - twister - DEBUG - QEMU (12908): main fifo put ---> isr fifo get
2026-08-16 14:19:05,060 - twister - DEBUG - QEMU (12908): isr fifo put ---> thread fifo get
2026-08-16 14:19:05,061 - twister - DEBUG - QEMU (12908): thread fifo put ---> main fifo get
2026-08-16 14:19:05,061 - twister - DEBUG - QEMU (12908): 
2026-08-16 14:19:05,061 - twister - DEBUG - QEMU (12908): * Pass data by fifo in loop 17
2026-08-16 14:19:05,061 - twister - DEBUG - QEMU (12908): main fifo put ---> isr fifo get
2026-08-16 14:19:05,061 - twister - DEBUG - QEMU (12908): isr fifo put ---> thread fifo get
2026-08-16 14:19:05,061 - twister - DEBUG - QEMU (12908): thread fifo put ---> main fifo get
2026-08-16 14:19:05,061 - twister - DEBUG - QEMU (12908): 
2026-08-16 14:19:05,061 - twister - DEBUG - QEMU (12908): * Pass data by fifo in loop 18
2026-08-16 14:19:05,061 - twister - DEBUG - QEMU (12908): main fifo put ---> isr fifo get
2026-08-16 14:19:05,061 - twister - DEBUG - QEMU (12908): isr fifo put ---> thread fifo get
2026-08-16 14:19:05,061 - twister - DEBUG - QEMU (12908): thread fifo put ---> main fifo get
2026-08-16 14:19:05,061 - twister - DEBUG - QEMU (12908): 
2026-08-16 14:19:05,061 - twister - DEBUG - QEMU (12908): * Pass data by fifo in loop 19
2026-08-16 14:19:05,062 - twister - DEBUG - QEMU (12908): main fifo put ---> isr fifo get
2026-08-16 14:19:05,062 - twister - DEBUG - QEMU (12908): isr fifo put ---> thread fifo get
2026-08-16 14:19:05,062 - twister - DEBUG - QEMU (12908): thread fifo put ---> main fifo get
2026-08-16 14:19:05,062 - twister - DEBUG - QEMU (12908): 
2026-08-16 14:19:05,062 - twister - DEBUG - QEMU (12908): * Pass data by fifo in loop 20
2026-08-16 14:19:05,062 - twister - DEBUG - QEMU (12908): main fifo put ---> isr fifo get
2026-08-16 14:19:05,062 - twister - DEBUG - QEMU (12908): isr fifo put ---> thread fifo get
2026-08-16 14:19:05,062 - twister - DEBUG - QEMU (12908): thread fifo put ---> main fifo get
2026-08-16 14:19:05,062 - twister - DEBUG - QEMU (12908): 
2026-08-16 14:19:05,062 - twister - DEBUG - QEMU (12908): * Pass data by fifo in loop 21
2026-08-16 14:19:05,062 - twister - DEBUG - QEMU (12908): main fifo put ---> isr fifo get
2026-08-16 14:19:05,062 - twister - DEBUG - QEMU (12908): isr fifo put ---> thread fifo get
2026-08-16 14:19:05,063 - twister - DEBUG - QEMU (12908): thread fifo put ---> main fifo get
2026-08-16 14:19:05,063 - twister - DEBUG - QEMU (12908): 
2026-08-16 14:19:05,063 - twister - DEBUG - QEMU (12908): * Pass data by fifo in loop 22
2026-08-16 14:19:05,063 - twister - DEBUG - QEMU (12908): main fifo put ---> isr fifo get
2026-08-16 14:19:05,063 - twister - DEBUG - QEMU (12908): isr fifo put ---> thread fifo get
2026-08-16 14:19:05,063 - twister - DEBUG - QEMU (12908): thread fifo put ---> main fifo get
2026-08-16 14:19:05,063 - twister - DEBUG - QEMU (12908): 
2026-08-16 14:19:05,063 - twister - DEBUG - QEMU (12908): * Pass data by fifo in loop 23
2026-08-16 14:19:05,063 - twister - DEBUG - QEMU (12908): main fifo put ---> isr fifo get
2026-08-16 14:19:05,063 - twister - DEBUG - QEMU (12908): isr fifo put ---> thread fifo get
2026-08-16 14:19:05,063 - twister - DEBUG - QEMU (12908): thread fifo put ---> main fifo get
2026-08-16 14:19:05,063 - twister - DEBUG - QEMU (12908): 
2026-08-16 14:19:05,063 - twister - DEBUG - QEMU (12908): * Pass data by fifo in loop 24
2026-08-16 14:19:05,064 - twister - DEBUG - QEMU (12908): main fifo put ---> isr fifo get
2026-08-16 14:19:05,064 - twister - DEBUG - QEMU (12908): isr fifo put ---> thread fifo get
2026-08-16 14:19:05,064 - twister - DEBUG - QEMU (12908): thread fifo put ---> main fifo get
2026-08-16 14:19:05,064 - twister - DEBUG - QEMU (12908): 
2026-08-16 14:19:05,064 - twister - DEBUG - QEMU (12908): * Pass data by fifo in loop 25
2026-08-16 14:19:05,064 - twister - DEBUG - QEMU (12908): main fifo put ---> isr fifo get
2026-08-16 14:19:05,064 - twister - DEBUG - QEMU (12908): isr fifo put ---> thread fifo get
2026-08-16 14:19:05,064 - twister - DEBUG - QEMU (12908): thread fifo put ---> main fifo get
2026-08-16 14:19:05,064 - twister - DEBUG - QEMU (12908): 
2026-08-16 14:19:05,068 - twister - DEBUG - QEMU (12908): * Pass data by fifo in loop 26
2026-08-16 14:19:05,069 - twister - DEBUG - QEMU (12908): main fifo put ---> isr fifo get
2026-08-16 14:19:05,069 - twister - DEBUG - QEMU (12908): isr fifo put ---> thread fifo get
2026-08-16 14:19:05,069 - twister - DEBUG - QEMU (12908): thread fifo put ---> main fifo get
2026-08-16 14:19:05,069 - twister - DEBUG - QEMU (12908): 
2026-08-16 14:19:05,069 - twister - DEBUG - QEMU (12908): * Pass data by fifo in loop 27
2026-08-16 14:19:05,069 - twister - DEBUG - QEMU (12908): main fifo put ---> isr fifo get
2026-08-16 14:19:05,069 - twister - DEBUG - QEMU (12908): isr fifo put ---> thread fifo get
2026-08-16 14:19:05,069 - twister - DEBUG - QEMU (12908): thread fifo put ---> main fifo get
2026-08-16 14:19:05,069 - twister - DEBUG - QEMU (12908): 
2026-08-16 14:19:05,069 - twister - DEBUG - QEMU (12908): * Pass data by fifo in loop 28
2026-08-16 14:19:05,069 - twister - DEBUG - QEMU (12908): main fifo put ---> isr fifo get
2026-08-16 14:19:05,070 - twister - DEBUG - QEMU (12908): isr fifo put ---> thread fifo get
2026-08-16 14:19:05,072 - twister - DEBUG - QEMU (12908): thread fifo put ---> main fifo get
2026-08-16 14:19:05,073 - twister - DEBUG - QEMU (12908): 
2026-08-16 14:19:05,073 - twister - DEBUG - QEMU (12908): * Pass data by fifo in loop 29
2026-08-16 14:19:05,073 - twister - DEBUG - QEMU (12908): main fifo put ---> isr fifo get
2026-08-16 14:19:05,073 - twister - DEBUG - QEMU (12908): isr fifo put ---> thread fifo get
2026-08-16 14:19:05,073 - twister - DEBUG - QEMU (12908): thread fifo put ---> main fifo get
2026-08-16 14:19:05,073 - twister - DEBUG - QEMU (12908): 
2026-08-16 14:19:05,073 - twister - DEBUG - QEMU (12908): * Pass data by fifo in loop 30
2026-08-16 14:19:05,073 - twister - DEBUG - QEMU (12908): main fifo put ---> isr fifo get
2026-08-16 14:19:05,073 - twister - DEBUG - QEMU (12908): isr fifo put ---> thread fifo get
2026-08-16 14:19:05,074 - twister - DEBUG - QEMU (12908): thread fifo put ---> main fifo get
2026-08-16 14:19:05,074 - twister - DEBUG - QEMU (12908): 
2026-08-16 14:19:05,074 - twister - DEBUG - QEMU (12908): * Pass data by fifo in loop 31
2026-08-16 14:19:05,074 - twister - DEBUG - QEMU (12908): main fifo put ---> isr fifo get
2026-08-16 14:19:05,074 - twister - DEBUG - QEMU (12908): isr fifo put ---> thread fifo get
2026-08-16 14:19:05,074 - twister - DEBUG - QEMU (12908): thread fifo put ---> main fifo get
2026-08-16 14:19:05,074 - twister - DEBUG - QEMU (12908): 
2026-08-16 14:19:05,074 - twister - DEBUG - QEMU (12908):  PASS - test_fifo_loop in 0.037 seconds
2026-08-16 14:19:05,074 - twister - DEBUG - QEMU (12908): ===================================================================
2026-08-16 14:19:05,074 - twister - DEBUG - QEMU (12908): START - test_fifo_thread2thread
2026-08-16 14:19:05,075 - twister - DEBUG - QEMU (12908):  PASS - test_fifo_thread2thread in 0.001 seconds
2026-08-16 14:19:05,075 - twister - DEBUG - QEMU (12908): ===================================================================
2026-08-16 14:19:05,075 - twister - DEBUG - QEMU (12908): TESTSUITE fifo_api_1cpu succeeded
2026-08-16 14:19:05,075 - twister - DEBUG - QEMU (12908): 
2026-08-16 14:19:05,075 - twister - DEBUG - QEMU (12908): ------ TESTSUITE SUMMARY START ------
2026-08-16 14:19:05,075 - twister - DEBUG - QEMU (12908): 
2026-08-16 14:19:05,075 - twister - DEBUG - QEMU (12908): SUITE PASS - 100.00% [fifo_api]: pass = 10, fail = 0, skip = 0, total = 10 duration = 0.117 seconds
2026-08-16 14:19:05,075 - twister - DEBUG - QEMU (12908):  - PASS - [fifo_api.test_fifo_alloc_put] duration = 0.001 seconds
2026-08-16 14:19:05,075 - twister - DEBUG - QEMU (12908):  - PASS - [fifo_api.test_fifo_define] duration = 0.001 seconds
2026-08-16 14:19:05,076 - twister - DEBUG - QEMU (12908):  - PASS - [fifo_api.test_fifo_get_fail] duration = 0.108 seconds
2026-08-16 14:19:05,076 - twister - DEBUG - QEMU (12908):  - PASS - [fifo_api.test_fifo_is_empty_isr] duration = 0.001 seconds
2026-08-16 14:19:05,076 - twister - DEBUG - QEMU (12908):  - PASS - [fifo_api.test_fifo_is_empty_thread] duration = 0.001 seconds
2026-08-16 14:19:05,076 - twister - DEBUG - QEMU (12908):  - PASS - [fifo_api.test_fifo_isr2thread] duration = 0.001 seconds
2026-08-16 14:19:05,076 - twister - DEBUG - QEMU (12908):  - PASS - [fifo_api.test_fifo_peek] duration = 0.001 seconds
2026-08-16 14:19:05,076 - twister - DEBUG - QEMU (12908):  - PASS - [fifo_api.test_fifo_put_list_order] duration = 0.001 seconds
2026-08-16 14:19:05,077 - twister - DEBUG - QEMU (12908):  - PASS - [fifo_api.test_fifo_put_slist_order] duration = 0.001 seconds
2026-08-16 14:19:05,077 - twister - DEBUG - QEMU (12908):  - PASS - [fifo_api.test_fifo_thread2isr] duration = 0.001 seconds
2026-08-16 14:19:05,077 - twister - DEBUG - QEMU (12908): 
2026-08-16 14:19:05,077 - twister - DEBUG - QEMU (12908): SUITE PASS - 100.00% [fifo_api_1cpu]: pass = 3, fail = 0, skip = 0, total = 3 duration = 0.150 seconds
2026-08-16 14:19:05,077 - twister - DEBUG - QEMU (12908):  - PASS - [fifo_api_1cpu.test_fifo_cancel_wait] duration = 0.112 seconds
2026-08-16 14:19:05,077 - twister - DEBUG - QEMU (12908):  - PASS - [fifo_api_1cpu.test_fifo_loop] duration = 0.037 seconds
2026-08-16 14:19:05,077 - twister - DEBUG - QEMU (12908):  - PASS - [fifo_api_1cpu.test_fifo_thread2thread] duration = 0.001 seconds
2026-08-16 14:19:05,078 - twister - DEBUG - QEMU (12908): 
2026-08-16 14:19:05,078 - twister - DEBUG - QEMU (12908): ------ TESTSUITE SUMMARY END ------
2026-08-16 14:19:05,078 - twister - DEBUG - QEMU (12908): 
2026-08-16 14:19:05,078 - twister - DEBUG - QEMU (12908): ===================================================================
2026-08-16 14:19:05,078 - twister - DEBUG - QEMU (12908): RunID: c447395009ee30d4731e35f00e59716b
2026-08-16 14:19:05,078 - twister - DEBUG - QEMU (12908): PROJECT EXECUTION SUCCESSFUL
2026-08-16 14:19:05,313 - twister - DEBUG - QEMU (12881) complete with passed (None) after 1.3360576629638672 seconds
2026-08-16 14:19:05,349 - twister - DEBUG - No timeout, return code from QEMU (None): 0
2026-08-16 14:19:05,349 - twister - DEBUG - return code from QEMU (None): 0
2026-08-16 14:19:05,349 - twister - DEBUG - Expected suite names:['fifo_api', 'fifo_api_1cpu']
2026-08-16 14:19:05,349 - twister - DEBUG - Detected suite names:['fifo_api', 'fifo_api_1cpu']
2026-08-16 14:19:05,349 - twister - DEBUG - run status: qemu_m68k/qemu_virt_m68k_m68000/zephyr/gnu/kernel.fifo passed
2026-08-16 14:19:06,079 - twister - DEBUG - QEMU (12908) complete with passed (None) after 1.4346072673797607 seconds
2026-08-16 14:19:06,126 - twister - DEBUG - No timeout, return code from QEMU (None): 0
2026-08-16 14:19:06,126 - twister - DEBUG - return code from QEMU (None): 0
2026-08-16 14:19:06,126 - twister - DEBUG - Expected suite names:['fifo_api', 'fifo_api_1cpu']
2026-08-16 14:19:06,126 - twister - DEBUG - Detected suite names:['fifo_api', 'fifo_api_1cpu']
2026-08-16 14:19:06,126 - twister - DEBUG - run status: qemu_m68k/qemu_virt_m68k_m68010/zephyr/gnu/kernel.fifo passed
2026-08-16 14:19:06,981 - twister - DEBUG - Finished running cmake /workspace/scratch/5c70f00d8d01/preview-ws/zephyr/tests/kernel/fifo/fifo_timeout for qemu_m68k/qemu_virt_m68k_m68010 in 13.53 seconds
2026-08-16 14:19:06,981 - twister - DEBUG - build test: qemu_m68k/qemu_virt_m68k_m68010/zephyr/gnu/kernel.fifo.timeout
2026-08-16 14:19:06,982 - twister - DEBUG - Building /workspace/scratch/5c70f00d8d01/preview-ws/zephyr/tests/kernel/fifo/fifo_timeout for qemu_m68k/qemu_virt_m68k_m68010
2026-08-16 14:19:06,983 - twister - DEBUG - Running /workspace/scratch/5c70f00d8d01/zephyr-venv/lib/python3.12/site-packages/bin/cmake --build /workspace/scratch/1b6e38f66c85/kqueue-ab-final/patched/qemu_m68k_qemu_virt_m68k_m68010/zephyr_gnu/tests/kernel/fifo/fifo_timeout/kernel.fifo.timeout
2026-08-16 14:19:07,415 - twister - DEBUG - Finished running cmake /workspace/scratch/5c70f00d8d01/preview-ws/zephyr/tests/kernel/fifo/fifo_timeout for qemu_m68k/qemu_virt_m68k_m68000 in 13.25 seconds
2026-08-16 14:19:07,415 - twister - DEBUG - build test: qemu_m68k/qemu_virt_m68k_m68000/zephyr/gnu/kernel.fifo.timeout
2026-08-16 14:19:07,415 - twister - DEBUG - Building /workspace/scratch/5c70f00d8d01/preview-ws/zephyr/tests/kernel/fifo/fifo_timeout for qemu_m68k/qemu_virt_m68k_m68000
2026-08-16 14:19:07,417 - twister - DEBUG - Running /workspace/scratch/5c70f00d8d01/zephyr-venv/lib/python3.12/site-packages/bin/cmake --build /workspace/scratch/1b6e38f66c85/kqueue-ab-final/patched/qemu_m68k_qemu_virt_m68k_m68000/zephyr_gnu/tests/kernel/fifo/fifo_timeout/kernel.fifo.timeout
2026-08-16 14:19:34,526 - twister - DEBUG - Finished building /workspace/scratch/5c70f00d8d01/preview-ws/zephyr/tests/kernel/fifo/fifo_timeout for qemu_m68k/qemu_virt_m68k_m68010 in 27.54 seconds
2026-08-16 14:19:34,527 - twister - DEBUG - Determine test cases for test instance: qemu_m68k/qemu_virt_m68k_m68010/zephyr/gnu/kernel.fifo.timeout
2026-08-16 14:19:34,527 - twister - DEBUG - Determine test cases for test suite: kernel.fifo.timeout
2026-08-16 14:19:34,562 - twister - DEBUG - Test instance qemu_m68k/qemu_virt_m68k_m68010/zephyr/gnu/kernel.fifo.timeout already has 6 testcase(s) known: [<TestCase kernel.fifo.timeout.fifo_timeout_1cpu.timeout_threads_pend_on_fifo with None>, <TestCase kernel.fifo.timeout.fifo_timeout_1cpu.timeout_empty_fifo with None>, <TestCase kernel.fifo.timeout.fifo_timeout_1cpu.timeout_threads_pend_fail_on_fifo with None>, <TestCase kernel.fifo.timeout.fifo_timeout_1cpu.timeout_fifo_thread with None>, <TestCase kernel.fifo.timeout.fifo_timeout_1cpu.timeout_threads_pend_on_dual_fifos with None>, <TestCase kernel.fifo.timeout.fifo_timeout.timeout_non_empty_fifo with None>]
2026-08-16 14:19:34,562 - twister - DEBUG - Detected 6 Ztest case(s): [kernel.fifo.timeout.fifo_timeout_1cpu.timeout_threads_pend_fail_on_fifo, kernel.fifo.timeout.fifo_timeout_1cpu.timeout_threads_pend_on_dual_fifos, kernel.fifo.timeout.fifo_timeout_1cpu.timeout_threads_pend_on_fifo, kernel.fifo.timeout.fifo_timeout_1cpu.timeout_fifo_thread, kernel.fifo.timeout.fifo_timeout.timeout_non_empty_fifo, kernel.fifo.timeout.fifo_timeout_1cpu.timeout_empty_fifo] in /workspace/scratch/1b6e38f66c85/kqueue-ab-final/patched/qemu_m68k_qemu_virt_m68k_m68010/zephyr_gnu/tests/kernel/fifo/fifo_timeout/kernel.fifo.timeout/zephyr/zephyr.elf
2026-08-16 14:19:34,563 - twister - DEBUG - run test: qemu_m68k/qemu_virt_m68k_m68010/zephyr/gnu/kernel.fifo.timeout
2026-08-16 14:19:34,563 - twister - DEBUG - Reset instance status from 'passed' to None before run.
2026-08-16 14:19:34,563 - twister - DEBUG - Spawning QEMUHandler Thread for qemu_m68k/qemu_virt_m68k_m68010/zephyr/gnu/kernel.fifo.timeout
2026-08-16 14:19:34,564 - twister - DEBUG - Running qemu_m68k/qemu_virt_m68k_m68010/zephyr/gnu/kernel.fifo.timeout (qemu)
2026-08-16 14:19:34,569 - twister - DEBUG - Spawning QEMUHandler Thread for qemu_m68k/qemu_virt_m68k_m68010/zephyr/gnu/kernel.fifo.timeout
2026-08-16 14:19:35,148 - twister - DEBUG - QEMU (14373): *** Booting Zephyr OS build 4.4.99 ***
2026-08-16 14:19:35,149 - twister - DEBUG - QEMU (14373): Running TESTSUITE fifo_timeout
2026-08-16 14:19:35,149 - twister - DEBUG - QEMU (14373): ===================================================================
2026-08-16 14:19:35,149 - twister - DEBUG - QEMU (14373): START - test_timeout_non_empty_fifo
2026-08-16 14:19:35,152 - twister - DEBUG - QEMU (14373):  PASS - test_timeout_non_empty_fifo in 0.001 seconds
2026-08-16 14:19:35,152 - twister - DEBUG - QEMU (14373): ===================================================================
2026-08-16 14:19:35,152 - twister - DEBUG - QEMU (14373): TESTSUITE fifo_timeout succeeded
2026-08-16 14:19:35,152 - twister - DEBUG - QEMU (14373): Running TESTSUITE fifo_timeout_1cpu
2026-08-16 14:19:35,152 - twister - DEBUG - QEMU (14373): ===================================================================
2026-08-16 14:19:35,153 - twister - DEBUG - QEMU (14373): START - test_timeout_empty_fifo
2026-08-16 14:19:35,233 - twister - DEBUG - QEMU (14373):  PASS - test_timeout_empty_fifo in 0.038 seconds
2026-08-16 14:19:35,233 - twister - DEBUG - QEMU (14373): ===================================================================
2026-08-16 14:19:35,233 - twister - DEBUG - QEMU (14373): START - test_timeout_fifo_thread
2026-08-16 14:19:35,235 - twister - DEBUG - QEMU (14373):  PASS - test_timeout_fifo_thread in 0.040 seconds
2026-08-16 14:19:35,235 - twister - DEBUG - QEMU (14373): ===================================================================
2026-08-16 14:19:35,235 - twister - DEBUG - QEMU (14373): START - test_timeout_threads_pend_fail_on_fifo
2026-08-16 14:19:35,236 - twister - DEBUG - QEMU (14373):  PASS - test_timeout_threads_pend_fail_on_fifo in 0.059 seconds
2026-08-16 14:19:35,237 - twister - DEBUG - QEMU (14373): ===================================================================
2026-08-16 14:19:35,237 - twister - DEBUG - QEMU (14373): START - test_timeout_threads_pend_on_dual_fifos
2026-08-16 14:19:35,241 - twister - DEBUG - QEMU (14373):  PASS - test_timeout_threads_pend_on_dual_fifos in 0.110 seconds
2026-08-16 14:19:35,242 - twister - DEBUG - QEMU (14373): ===================================================================
2026-08-16 14:19:35,242 - twister - DEBUG - QEMU (14373): START - test_timeout_threads_pend_on_fifo
2026-08-16 14:19:35,242 - twister - DEBUG - QEMU (14373):  PASS - test_timeout_threads_pend_on_fifo in 0.070 seconds
2026-08-16 14:19:35,242 - twister - DEBUG - QEMU (14373): ===================================================================
2026-08-16 14:19:35,243 - twister - DEBUG - QEMU (14373): TESTSUITE fifo_timeout_1cpu succeeded
2026-08-16 14:19:35,243 - twister - DEBUG - QEMU (14373): 
2026-08-16 14:19:35,243 - twister - DEBUG - QEMU (14373): ------ TESTSUITE SUMMARY START ------
2026-08-16 14:19:35,243 - twister - DEBUG - QEMU (14373): 
2026-08-16 14:19:35,244 - twister - DEBUG - QEMU (14373): SUITE PASS - 100.00% [fifo_timeout]: pass = 1, fail = 0, skip = 0, total = 1 duration = 0.001 seconds
2026-08-16 14:19:35,246 - twister - DEBUG - QEMU (14373):  - PASS - [fifo_timeout.test_timeout_non_empty_fifo] duration = 0.001 seconds
2026-08-16 14:19:35,246 - twister - DEBUG - QEMU (14373): 
2026-08-16 14:19:35,246 - twister - DEBUG - QEMU (14373): SUITE PASS - 100.00% [fifo_timeout_1cpu]: pass = 5, fail = 0, skip = 0, total = 5 duration = 0.317 seconds
2026-08-16 14:19:35,246 - twister - DEBUG - QEMU (14373):  - PASS - [fifo_timeout_1cpu.test_timeout_empty_fifo] duration = 0.038 seconds
2026-08-16 14:19:35,246 - twister - DEBUG - QEMU (14373):  - PASS - [fifo_timeout_1cpu.test_timeout_fifo_thread] duration = 0.040 seconds
2026-08-16 14:19:35,247 - twister - DEBUG - QEMU (14373):  - PASS - [fifo_timeout_1cpu.test_timeout_threads_pend_fail_on_fifo] duration = 0.059 seconds
2026-08-16 14:19:35,247 - twister - DEBUG - QEMU (14373):  - PASS - [fifo_timeout_1cpu.test_timeout_threads_pend_on_dual_fifos] duration = 0.110 seconds
2026-08-16 14:19:35,247 - twister - DEBUG - QEMU (14373):  - PASS - [fifo_timeout_1cpu.test_timeout_threads_pend_on_fifo] duration = 0.070 seconds
2026-08-16 14:19:35,247 - twister - DEBUG - QEMU (14373): 
2026-08-16 14:19:35,247 - twister - DEBUG - QEMU (14373): ------ TESTSUITE SUMMARY END ------
2026-08-16 14:19:35,247 - twister - DEBUG - QEMU (14373): 
2026-08-16 14:19:35,247 - twister - DEBUG - QEMU (14373): ===================================================================
2026-08-16 14:19:35,247 - twister - DEBUG - QEMU (14373): RunID: 8218f6f5cf31872122178bf96675d170
2026-08-16 14:19:35,247 - twister - DEBUG - QEMU (14373): PROJECT EXECUTION SUCCESSFUL
2026-08-16 14:19:36,249 - twister - DEBUG - QEMU (14373) complete with passed (None) after 1.4641718864440918 seconds
2026-08-16 14:19:36,310 - twister - DEBUG - No timeout, return code from QEMU (None): 0
2026-08-16 14:19:36,310 - twister - DEBUG - return code from QEMU (None): 0
2026-08-16 14:19:36,310 - twister - DEBUG - Expected suite names:['fifo_timeout', 'fifo_timeout_1cpu']
2026-08-16 14:19:36,310 - twister - DEBUG - Detected suite names:['fifo_timeout', 'fifo_timeout_1cpu']
2026-08-16 14:19:36,310 - twister - DEBUG - run status: qemu_m68k/qemu_virt_m68k_m68010/zephyr/gnu/kernel.fifo.timeout passed
2026-08-16 14:19:47,072 - twister - DEBUG - Finished building /workspace/scratch/5c70f00d8d01/preview-ws/zephyr/tests/kernel/fifo/fifo_timeout for qemu_m68k/qemu_virt_m68k_m68000 in 39.66 seconds
2026-08-16 14:19:47,072 - twister - DEBUG - Determine test cases for test instance: qemu_m68k/qemu_virt_m68k_m68000/zephyr/gnu/kernel.fifo.timeout
2026-08-16 14:19:47,072 - twister - DEBUG - Determine test cases for test suite: kernel.fifo.timeout
2026-08-16 14:19:47,110 - twister - DEBUG - Test instance qemu_m68k/qemu_virt_m68k_m68000/zephyr/gnu/kernel.fifo.timeout already has 6 testcase(s) known: [<TestCase kernel.fifo.timeout.fifo_timeout_1cpu.timeout_threads_pend_on_fifo with None>, <TestCase kernel.fifo.timeout.fifo_timeout_1cpu.timeout_empty_fifo with None>, <TestCase kernel.fifo.timeout.fifo_timeout_1cpu.timeout_threads_pend_fail_on_fifo with None>, <TestCase kernel.fifo.timeout.fifo_timeout_1cpu.timeout_fifo_thread with None>, <TestCase kernel.fifo.timeout.fifo_timeout_1cpu.timeout_threads_pend_on_dual_fifos with None>, <TestCase kernel.fifo.timeout.fifo_timeout.timeout_non_empty_fifo with None>]
2026-08-16 14:19:47,111 - twister - DEBUG - Detected 6 Ztest case(s): [kernel.fifo.timeout.fifo_timeout_1cpu.timeout_threads_pend_fail_on_fifo, kernel.fifo.timeout.fifo_timeout_1cpu.timeout_threads_pend_on_dual_fifos, kernel.fifo.timeout.fifo_timeout_1cpu.timeout_threads_pend_on_fifo, kernel.fifo.timeout.fifo_timeout_1cpu.timeout_fifo_thread, kernel.fifo.timeout.fifo_timeout.timeout_non_empty_fifo, kernel.fifo.timeout.fifo_timeout_1cpu.timeout_empty_fifo] in /workspace/scratch/1b6e38f66c85/kqueue-ab-final/patched/qemu_m68k_qemu_virt_m68k_m68000/zephyr_gnu/tests/kernel/fifo/fifo_timeout/kernel.fifo.timeout/zephyr/zephyr.elf
2026-08-16 14:19:47,111 - twister - DEBUG - run test: qemu_m68k/qemu_virt_m68k_m68000/zephyr/gnu/kernel.fifo.timeout
2026-08-16 14:19:47,111 - twister - DEBUG - Reset instance status from 'passed' to None before run.
2026-08-16 14:19:47,111 - twister - DEBUG - Spawning QEMUHandler Thread for qemu_m68k/qemu_virt_m68k_m68000/zephyr/gnu/kernel.fifo.timeout
2026-08-16 14:19:47,111 - twister - DEBUG - Running qemu_m68k/qemu_virt_m68k_m68000/zephyr/gnu/kernel.fifo.timeout (qemu)
2026-08-16 14:19:47,114 - twister - DEBUG - Spawning QEMUHandler Thread for qemu_m68k/qemu_virt_m68k_m68000/zephyr/gnu/kernel.fifo.timeout
2026-08-16 14:19:47,453 - twister - DEBUG - QEMU (14924): *** Booting Zephyr OS build 4.4.99 ***
2026-08-16 14:19:47,456 - twister - DEBUG - QEMU (14924): Running TESTSUITE fifo_timeout
2026-08-16 14:19:47,456 - twister - DEBUG - QEMU (14924): ===================================================================
2026-08-16 14:19:47,460 - twister - DEBUG - QEMU (14924): START - test_timeout_non_empty_fifo
2026-08-16 14:19:47,473 - twister - DEBUG - QEMU (14924):  PASS - test_timeout_non_empty_fifo in 0.001 seconds
2026-08-16 14:19:47,473 - twister - DEBUG - QEMU (14924): ===================================================================
2026-08-16 14:19:47,473 - twister - DEBUG - QEMU (14924): TESTSUITE fifo_timeout succeeded
2026-08-16 14:19:47,473 - twister - DEBUG - QEMU (14924): Running TESTSUITE fifo_timeout_1cpu
2026-08-16 14:19:47,473 - twister - DEBUG - QEMU (14924): ===================================================================
2026-08-16 14:19:47,473 - twister - DEBUG - QEMU (14924): START - test_timeout_empty_fifo
2026-08-16 14:19:47,477 - twister - DEBUG - QEMU (14924):  PASS - test_timeout_empty_fifo in 0.038 seconds
2026-08-16 14:19:47,477 - twister - DEBUG - QEMU (14924): ===================================================================
2026-08-16 14:19:47,477 - twister - DEBUG - QEMU (14924): START - test_timeout_fifo_thread
2026-08-16 14:19:47,478 - twister - DEBUG - QEMU (14924):  PASS - test_timeout_fifo_thread in 0.040 seconds
2026-08-16 14:19:47,478 - twister - DEBUG - QEMU (14924): ===================================================================
2026-08-16 14:19:47,478 - twister - DEBUG - QEMU (14924): START - test_timeout_threads_pend_fail_on_fifo
2026-08-16 14:19:47,479 - twister - DEBUG - QEMU (14924):  PASS - test_timeout_threads_pend_fail_on_fifo in 0.059 seconds
2026-08-16 14:19:47,480 - twister - DEBUG - QEMU (14924): ===================================================================
2026-08-16 14:19:47,480 - twister - DEBUG - QEMU (14924): START - test_timeout_threads_pend_on_dual_fifos
2026-08-16 14:19:47,481 - twister - DEBUG - QEMU (14924):  PASS - test_timeout_threads_pend_on_dual_fifos in 0.110 seconds
2026-08-16 14:19:47,481 - twister - DEBUG - QEMU (14924): ===================================================================
2026-08-16 14:19:47,481 - twister - DEBUG - QEMU (14924): START - test_timeout_threads_pend_on_fifo
2026-08-16 14:19:47,481 - twister - DEBUG - QEMU (14924):  PASS - test_timeout_threads_pend_on_fifo in 0.070 seconds
2026-08-16 14:19:47,481 - twister - DEBUG - QEMU (14924): ===================================================================
2026-08-16 14:19:47,482 - twister - DEBUG - QEMU (14924): TESTSUITE fifo_timeout_1cpu succeeded
2026-08-16 14:19:47,482 - twister - DEBUG - QEMU (14924): 
2026-08-16 14:19:47,482 - twister - DEBUG - QEMU (14924): ------ TESTSUITE SUMMARY START ------
2026-08-16 14:19:47,482 - twister - DEBUG - QEMU (14924): 
2026-08-16 14:19:47,482 - twister - DEBUG - QEMU (14924): SUITE PASS - 100.00% [fifo_timeout]: pass = 1, fail = 0, skip = 0, total = 1 duration = 0.001 seconds
2026-08-16 14:19:47,482 - twister - DEBUG - QEMU (14924):  - PASS - [fifo_timeout.test_timeout_non_empty_fifo] duration = 0.001 seconds
2026-08-16 14:19:47,482 - twister - DEBUG - QEMU (14924): 
2026-08-16 14:19:47,483 - twister - DEBUG - QEMU (14924): SUITE PASS - 100.00% [fifo_timeout_1cpu]: pass = 5, fail = 0, skip = 0, total = 5 duration = 0.317 seconds
2026-08-16 14:19:47,483 - twister - DEBUG - QEMU (14924):  - PASS - [fifo_timeout_1cpu.test_timeout_empty_fifo] duration = 0.038 seconds
2026-08-16 14:19:47,483 - twister - DEBUG - QEMU (14924):  - PASS - [fifo_timeout_1cpu.test_timeout_fifo_thread] duration = 0.040 seconds
2026-08-16 14:19:47,483 - twister - DEBUG - QEMU (14924):  - PASS - [fifo_timeout_1cpu.test_timeout_threads_pend_fail_on_fifo] duration = 0.059 seconds
2026-08-16 14:19:47,483 - twister - DEBUG - QEMU (14924):  - PASS - [fifo_timeout_1cpu.test_timeout_threads_pend_on_dual_fifos] duration = 0.110 seconds
2026-08-16 14:19:47,483 - twister - DEBUG - QEMU (14924):  - PASS - [fifo_timeout_1cpu.test_timeout_threads_pend_on_fifo] duration = 0.070 seconds
2026-08-16 14:19:47,483 - twister - DEBUG - QEMU (14924): 
2026-08-16 14:19:47,483 - twister - DEBUG - QEMU (14924): ------ TESTSUITE SUMMARY END ------
2026-08-16 14:19:47,483 - twister - DEBUG - QEMU (14924): 
2026-08-16 14:19:47,484 - twister - DEBUG - QEMU (14924): ===================================================================
2026-08-16 14:19:47,484 - twister - DEBUG - QEMU (14924): RunID: b6b53e0e79947d850b44d7f62255f43c
2026-08-16 14:19:47,484 - twister - DEBUG - QEMU (14924): PROJECT EXECUTION SUCCESSFUL
2026-08-16 14:19:48,485 - twister - DEBUG - QEMU (14924) complete with passed (None) after 1.2416574954986572 seconds
2026-08-16 14:19:48,534 - twister - DEBUG - No timeout, return code from QEMU (None): 0
2026-08-16 14:19:48,534 - twister - DEBUG - return code from QEMU (None): 0
2026-08-16 14:19:48,534 - twister - DEBUG - Expected suite names:['fifo_timeout', 'fifo_timeout_1cpu']
2026-08-16 14:19:48,534 - twister - DEBUG - Detected suite names:['fifo_timeout', 'fifo_timeout_1cpu']
2026-08-16 14:19:48,534 - twister - DEBUG - run status: qemu_m68k/qemu_virt_m68k_m68000/zephyr/gnu/kernel.fifo.timeout passed
2026-08-16 14:19:48,535 - twister - INFO - 7 test scenarios (14 configurations) selected, 0 configurations filtered (0 by static filter, 0 at runtime).
2026-08-16 14:19:48,536 - twister - INFO - [32m14 of 14[39m executed test configurations passed (100.00%), 0 built (not run), 0 failed, 0 errored, with no warnings in 348.64 seconds.
2026-08-16 14:19:48,537 - twister - INFO - 152 of 152 executed test cases passed (100.00%) on 2 out of total 1684 platforms (0.12%).
2026-08-16 14:19:48,537 - twister - INFO - [32m14[39m test configurations executed on platforms, [36m0[39m test configurations were only built.
2026-08-16 14:19:48,537 - twister - INFO - Saving reports...
2026-08-16 14:19:48,537 - twister - INFO - Writing JSON report /workspace/scratch/1b6e38f66c85/kqueue-ab-final/patched/twister.json
2026-08-16 14:19:48,539 - twister - INFO - Writing xunit report /workspace/scratch/1b6e38f66c85/kqueue-ab-final/patched/twister.xml...
2026-08-16 14:19:48,541 - twister - INFO - Writing xunit report /workspace/scratch/1b6e38f66c85/kqueue-ab-final/patched/twister_report.xml...
2026-08-16 14:19:48,550 - twister - INFO - Writing target report for qemu_m68k/qemu_virt_m68k_m68000...
2026-08-16 14:19:48,551 - twister - INFO - Writing JSON report /workspace/scratch/1b6e38f66c85/kqueue-ab-final/patched/qemu_m68k_qemu_virt_m68k_m68000.json
2026-08-16 14:19:48,552 - twister - INFO - Writing target report for qemu_m68k/qemu_virt_m68k_m68010...
2026-08-16 14:19:48,552 - twister - INFO - Writing JSON report /workspace/scratch/1b6e38f66c85/kqueue-ab-final/patched/qemu_m68k_qemu_virt_m68k_m68010.json
2026-08-16 14:19:48,553 - twister - INFO - Run completed
